seed,source_representation,replay_representation,round,client_id,true_role,direction,intensity,sparsity,p_benign,p_heterogeneous,p_malicious,predicted_malicious,weight,probed
2026,raw,raw,1,12,benign,0.8716863593705216,1.4138155523065605,0.9117186845557644,1.8819290804107535e-08,0.9999999811807092,0.0,False,0.04904816642867328,False
2026,raw,raw,1,16,heterogeneous,0.8263398856630653,1.4302770960387918,0.9055055407494597,3.4864433145162498e-71,0.0,1.0,True,7.06535646282336e-72,False
2026,raw,raw,1,14,benign,0.8615290183861658,1.417719764887136,0.9042738435355044,1.0,0.0,0.0,False,0.21128208003095528,False
2026,raw,raw,1,2,benign,0.8739249310574805,1.3588321071008735,0.9085713381681281,1.460627857614392e-05,0.9999853937214239,0.0,False,0.0490505773652986,False
2026,raw,raw,1,0,benign,0.8720844777696355,1.4791120656333119,0.9080229123076171,1.0,0.0,0.0,False,0.21387070951020293,False
2026,raw,raw,1,6,benign,0.8708868708504477,1.440794674085384,0.9056195481287789,1.0,0.0,0.0,False,0.21357700741132363,False
2026,raw,raw,1,9,benign,0.8731144303612692,1.4226989898847027,0.9082274748944369,1.0,0.0,0.0,False,0.2141232959248791,False
2026,raw,raw,1,15,heterogeneous,0.8107593174980404,1.4927882313325114,0.9063750842632151,2.2795652103945277e-151,0.0,1.0,True,4.532488620711263e-152,False
2026,raw,raw,1,19,heterogeneous,0.8177058467157848,1.4381666109904199,0.9023144885380148,1.0029468889826243e-77,0.0,1.0,True,2.01125803561595e-78,False
2026,raw,raw,1,17,heterogeneous,0.808251638131593,1.399883824619778,0.911716229237873,3.80522931958348e-230,1.0,0.0,False,0.04904816332866728,False
2026,raw,effective,1,12,benign,0.8237646620616712,0.9646153977177938,0.7540662576212305,1.0,0.0,0.0,False,0.14874228793617605,False
2026,raw,effective,1,16,heterogeneous,0.7565148151509139,0.9638311820979919,0.7522146334490664,4.7660170068267255e-46,1.0,0.0,False,0.03611281104579367,False
2026,raw,effective,1,14,benign,0.8139487322984801,0.9541776300434045,0.750533971799521,1.0,0.0,0.0,False,0.14696988385229154,False
2026,raw,effective,1,2,benign,0.8326497793752604,0.9532010752719616,0.7529311701880391,1.0,0.0,0.0,False,0.15034662074950284,False
2026,raw,effective,1,0,benign,0.8194396500077045,0.9801029966806191,0.7520735591504563,1.0,0.0,0.0,False,0.14796134622079765,False
2026,raw,effective,1,6,benign,0.8195570695677554,0.9718492066607785,0.7501188751545065,1.0,8.322345715931982e-290,0.0,False,0.14798254797272364,False
2026,raw,effective,1,9,benign,0.8288409337137952,0.9550330070566467,0.7516840012388799,1.0,0.0,0.0,False,0.1496588801311274,False
2026,raw,effective,1,15,heterogeneous,0.7195160065473631,0.9874276043825061,0.7489778519266951,1.0174366550955851e-88,0.0,1.0,True,1.3218407599396751e-89,False
2026,raw,effective,1,19,heterogeneous,0.7341619971090037,0.9639378593615117,0.7499384252302417,1.7442222950819591e-71,1.0,0.0,False,0.03611281104579367,False
2026,raw,effective,1,17,heterogeneous,0.7371227073034998,0.9557631992018322,0.7555644805589147,1.1624393922028603e-95,1.0,0.0,False,0.03611281104579367,False
2026,raw,raw,2,19,heterogeneous,0.12400372521822857,0.5977547922739241,0.7970808860488497,0.0,0.0,1.0,True,0.0,False
2026,raw,raw,2,7,benign,0.04080357551504883,0.5567118733713642,0.7881713984841388,0.0,0.9999999999999993,5.730699124039587e-16,False,0.1769762252151655,False
2026,raw,raw,2,0,benign,0.13009529815003332,0.5878850411853108,0.779276277292377,1.0,1.0388123828573917e-192,6.537895693803455e-42,False,0.11511887392417208,False
2026,raw,raw,2,5,benign,0.07619249066105303,0.6108170960061593,0.7951646567978304,0.0,0.0,1.0,True,0.0,False
2026,raw,raw,2,11,benign,0.1699601658292012,0.5155114938411228,0.7868685073144521,0.0,1.0,3.0405632130811433e-28,False,0.17697622521516562,False
2026,raw,raw,2,14,benign,-0.003269981032677339,0.5899339887028368,0.7816462033893569,0.0,1.0,3.369482464578423e-36,False,0.17697622521516562,False
2026,raw,raw,2,6,benign,-0.033356402017615264,0.5849019547033542,0.7893319406960027,0.0,1.0,1.7064166888573414e-17,False,0.17697622521516562,False
2026,raw,raw,2,18,heterogeneous,0.13385358634412187,0.6448177993870465,0.7933506101768999,0.0,0.0,1.0,True,0.0,False
2026,raw,raw,2,10,benign,0.046806049799694834,0.5669902368169008,0.7828976082768297,0.0,1.0,7.98230379734806e-31,False,0.17697622521516562,False
2026,raw,raw,2,4,benign,0.12295224355926433,0.6004448950461155,0.7933859889453789,0.0,0.0,1.0,True,0.0,False
2026,raw,effective,2,19,heterogeneous,0.14235471248905088,0.20675426562094437,0.7586151503154541,0.0,2.8042956026664075e-11,0.9999999999719572,True,4.281168255459853e-12,False
2026,raw,effective,2,7,benign,0.07279192493098421,0.187736173806664,0.7548176014266976,0.0,1.0,0.0,False,0.1526646567283845,False
2026,raw,effective,2,0,benign,0.107476481878637,0.1914702080606485,0.7511470343066331,0.0,1.0,0.0,False,0.1526646567283845,False
2026,raw,effective,2,5,benign,0.09765604096628945,0.20872380288405382,0.7571856795986582,0.0,7.443527397840888e-10,0.9999999992556472,True,1.1363635550397044e-10,False
2026,raw,effective,2,11,benign,0.18693003269324399,0.16850317141232002,0.7597431661576507,0.0,1.0,0.0,False,0.1526646567283845,False
2026,raw,effective,2,14,benign,-0.04341431607150943,0.1969540861600822,0.7434563780396679,0.0,1.0,0.0,False,0.1526646567283845,False
2026,raw,effective,2,6,benign,0.0032396327644077447,0.19791197604988645,0.7511566737569795,0.0,1.0,0.0,False,0.1526646567283845,False
2026,raw,effective,2,18,heterogeneous,0.11960462515128102,0.2199576636185294,0.749760823318575,0.0,8.941190855314692e-16,0.9999999999999992,True,1.365003832669588e-16,False
2026,raw,effective,2,10,benign,0.046569214789960435,0.18553756283878048,0.7535862801818656,0.0,1.0,0.0,False,0.1526646567283845,False
2026,raw,effective,2,4,benign,0.11006091562010503,0.20207557156738692,0.7654666649213823,1.0,4.902643816160573e-17,1.3294779100954246e-278,False,0.08401205951177515,False
2026,raw,raw,3,18,heterogeneous,0.1579659899297143,0.5811818647361091,0.7938528833641264,1.7334321706588961e-212,0.0,1.0,True,2.262820464793389e-213,False
2026,raw,raw,3,4,benign,0.0338886223729819,0.5183426077500008,0.7835712765429905,0.0,1.0,1.3923350502433374e-131,False,0.1652759444999114,False
2026,raw,raw,3,19,heterogeneous,0.03064181984491978,0.5764875111552471,0.7954447482433543,0.0,0.0,1.0,True,0.0,False
2026,raw,raw,3,16,heterogeneous,0.06728249891029087,0.5807639560451187,0.7916693802375346,0.0,0.0,1.0,True,0.0,False
2026,raw,raw,3,17,heterogeneous,0.14586469135195151,0.5461347822595803,0.794648113335243,1.0,0.0,7.902904086511307e-41,False,0.1205396231619092,False
2026,raw,raw,3,10,benign,0.27603459960537857,0.5509991114746275,0.7836682918796014,1.0,0.0,2.601000781795532e-37,False,0.22810939582216905,False
2026,raw,raw,3,6,benign,0.13599851351343165,0.5754897662047987,0.7912518192578241,3.300779498798485e-161,0.0,1.0,True,3.7096277080458825e-162,False
2026,raw,raw,3,13,benign,0.08053295760203912,0.5089567625578277,0.7848247083229625,0.0,1.0,1.486922065745593e-173,False,0.1652759444999114,False
2026,raw,raw,3,11,benign,0.06479560725438954,0.4979613535875685,0.7763048298225749,0.0,1.0,7.295287512751467e-245,False,0.1652759444999114,False
2026,raw,raw,3,1,benign,0.18819816517977417,0.540092897994132,0.79159344974733,1.0,0.0,7.464844246283381e-57,False,0.15552314751618757,False
2026,raw,effective,3,18,heterogeneous,0.18540229864860658,0.1978897525595368,0.7543508740759416,0.0,0.0,1.0,True,0.0,False
2026,raw,effective,3,4,benign,0.07401473593674994,0.17448131066126946,0.7547775578815441,0.9999999994013281,0.0,5.986719185908728e-10,False,0.1228768040760626,False
2026,raw,effective,3,19,heterogeneous,0.06454741773086332,0.19114693787543952,0.7560827165982392,0.9999304712171644,0.0,6.952878283582415e-05,False,0.10715202651578506,False
2026,raw,effective,3,16,heterogeneous,0.06379210327068162,0.18845189636277554,0.7537351815135577,0.9999899653786749,0.0,1.0034621325136707e-05,False,0.10590446650384891,False
2026,raw,effective,3,17,heterogeneous,0.19284769636252444,0.18174667782841886,0.7593613988435638,0.0,0.0,1.0,True,0.0,False
2026,raw,effective,3,10,benign,0.3177752357307365,0.1847314130062437,0.7522655607433725,0.0,0.0,1.0,True,0.0,False
2026,raw,effective,3,6,benign,0.18583113725258654,0.1994018689804456,0.7435956199932073,0.0,0.0,1.0,True,0.0,False
2026,raw,effective,3,13,benign,0.09117709316149364,0.16396728701944774,0.7529924279729808,1.435686513303138e-54,1.0,6.81091933386398e-18,False,0.33203335145215174,False
2026,raw,effective,3,11,benign,0.11104885098823013,0.16142198153035334,0.7476858300709575,0.0,1.0,2.7285132766097564e-23,False,0.33203335145215174,False
2026,raw,effective,3,1,benign,0.22092904392812143,0.1816318403272183,0.7553898599103528,0.0,0.0,1.0,True,0.0,False
2026,raw,raw,4,16,heterogeneous,-0.020025761875210067,0.5579018501321623,0.7871579754456407,0.999999999999445,5.551867083215286e-13,7.107657483966838e-212,False,1.3879667708035977e-13,False
2026,raw,raw,4,5,benign,0.06451194410295541,0.5876631612227781,0.7993347916429945,1.532145595719547e-172,5.2228207773144317e-42,1.0,True,1.3057051943283972e-42,False
2026,raw,raw,4,19,heterogeneous,0.06656404273700713,0.5342759709584672,0.7918995419357353,0.0,1.0,0.0,False,0.24999999999995964,False
2026,raw,raw,4,17,heterogeneous,0.1893688534282181,0.6177033686162441,0.7974238437722241,0.0,8.956350648128651e-41,1.0,True,2.2390876620318014e-41,False
2026,raw,raw,4,15,heterogeneous,-0.030563145968917484,0.5544198586916416,0.7877984476313298,0.9999999999999094,9.040849350603169e-14,4.593569882820441e-252,False,2.2602123376504276e-14,False
2026,raw,raw,4,14,benign,-0.008811648516448873,0.5513731449128016,0.7768888220525644,3.1080728299234337e-276,1.0,0.0,False,0.24999999999995964,False
2026,raw,raw,4,3,benign,0.07790886187786264,0.5484656271896888,0.7829741326954667,0.0,1.0,0.0,False,0.24999999999995964,False
2026,raw,raw,4,18,heterogeneous,0.06866798535407975,0.5887158326739856,0.7954791721018847,2.6461146449783824e-156,2.0156661451833372e-32,1.0,True,5.0391653629575295e-33,False
2026,raw,raw,4,1,benign,0.021079397797277848,0.5179103901643607,0.7882410214323163,0.0,1.0,0.0,False,0.24999999999995964,False
2026,raw,raw,4,6,benign,-0.026440035245420355,0.5544226456471258,0.7940633771064504,1.0,1.4224682603734164e-23,8.97193709921336e-288,False,3.556170650932967e-24,False
2026,raw,effective,4,16,heterogeneous,-0.034425946666571325,0.19449316216516635,0.7447164591733902,1.0,1.737981189681444e-18,0.0,False,4.041301112241998e-19,False
2026,raw,effective,4,5,benign,0.0805555135570409,0.19789755191752387,0.7587292502427017,2.6999498699285644e-268,2.5016018195414283e-12,0.999999999997498,True,5.816936498347487e-13,False
2026,raw,effective,4,19,heterogeneous,0.0717822141715858,0.17803052159505184,0.7568671283845549,0.0,1.0,0.0,False,0.2325284724734409,False
2026,raw,effective,4,17,heterogeneous,0.205640588802295,0.20570235894805883,0.7545935317058027,4.024517207810414e-232,1.8767955110790183e-22,1.0,True,4.3640839333621503e-23,False
2026,raw,effective,4,15,heterogeneous,-0.03618379548148614,0.1806992001221149,0.7611060689586097,0.0,1.0,0.0,False,0.2325284724734409,False
2026,raw,effective,4,14,benign,-0.01339146858709431,0.18114924463250912,0.7397482121002216,0.9999999628570663,3.714293385881717e-08,0.0,False,8.636789673372805e-09,False
2026,raw,effective,4,3,benign,0.09478214366381749,0.18204322712792237,0.7492732549290667,1.1400644093697361e-171,1.0,0.0,False,0.2325284724734409,False
2026,raw,effective,4,18,heterogeneous,0.06010971536126887,0.20349531176370705,0.744386941382043,1.0,8.364606295670874e-26,0.0,False,0.06988610146884588,False
2026,raw,effective,4,1,benign,0.03325850043127944,0.1740961956523659,0.7487084095929393,3.1372568351370423e-158,1.0,0.0,False,0.2325284724734409,False
2026,raw,effective,4,6,benign,-0.03646205054954917,0.19060907518430323,0.7448323438321742,0.9999999999999174,8.268444984298587e-14,0.0,False,1.9226488819296347e-14,False
2026,raw,raw,5,13,benign,0.03020599986493497,0.559704455137207,0.7909906883304006,0.9999670155044017,3.2984495598354024e-05,0.0,False,0.024097531606803033,False
2026,raw,raw,5,17,heterogeneous,0.10907094397144836,0.543041899624231,0.7957534801222195,5.8118080034071154e-74,1.0,0.0,False,0.15952502522426218,False
2026,raw,raw,5,8,benign,0.09119743311795546,0.5526100913739072,0.7875105644313832,0.0,1.0,0.0,False,0.15952502522426218,False
2026,raw,raw,5,19,heterogeneous,0.07723530773074015,0.5614307746146174,0.8023063111449625,0.0,1.2958922978778277e-13,0.9999999999998704,True,2.0672725150688756e-14,False
2026,raw,raw,5,3,benign,0.04863215794672103,0.5235341943091585,0.7966486860396266,0.0,1.0,0.0,False,0.15952502522426218,False
2026,raw,raw,5,12,benign,0.16624549396208754,0.541447468220401,0.7882202439581173,0.0,1.0,0.0,False,0.15952502522426218,False
2026,raw,raw,5,2,benign,-0.02489548363887837,0.5606701289139565,0.7912403760582062,0.999999957764735,4.2235265127615164e-08,0.0,False,6.7375817348362106e-09,False
2026,raw,raw,5,10,benign,0.09807633859735491,0.5486644420861049,0.792825779861008,3.371388364784728e-89,1.0,0.0,False,0.15952502522426218,False
2026,raw,raw,5,5,benign,0.09020999729270086,0.5491290303404466,0.788773319287146,0.0,1.0,0.0,False,0.15952502522426218,False
2026,raw,raw,5,0,benign,0.023508747018134303,0.5622114509854844,0.7902643437656891,0.9999918805611706,8.119438829517888e-06,0.0,False,0.018752310310021537,False
2026,raw,effective,5,13,benign,-0.0076829423214948124,0.18365596265113573,0.756289237141664,0.9999999999637081,0.0,3.629183461524676e-11,False,0.0,False
2026,raw,effective,5,17,heterogeneous,0.09018879729921693,0.17844727010964692,0.754722588157619,0.0,1.0,5.320998776772942e-39,False,0.3333333333333336,False
2026,raw,effective,5,8,benign,0.08301724467017789,0.17758787427170492,0.7555065616117101,0.0,1.0,2.027350917934007e-50,False,0.3333333333333336,False
2026,raw,effective,5,19,heterogeneous,0.0841403481923625,0.19278242719035543,0.7565582149001805,0.0,0.0,1.0,True,0.0,False
2026,raw,effective,5,3,benign,0.04210264887707092,0.17905513237126894,0.7537435102757412,0.0,0.9999999999999973,2.615624433388995e-15,False,0.33333333333333276,False
2026,raw,effective,5,12,benign,0.13199639369001945,0.1792616304696223,0.746617339466665,0.0,0.0,1.0,True,0.0,False
2026,raw,effective,5,2,benign,-0.03243915726244499,0.1852058180550725,0.7535903025948427,1.0,0.0,7.186182210690887e-23,False,0.0,False
2026,raw,effective,5,10,benign,0.08000742974799528,0.18635264512181465,0.7520006259227868,0.0,0.0,1.0,True,0.0,False
2026,raw,effective,5,5,benign,0.07243128187275309,0.1848485158916001,0.7529075043582472,0.0,0.0,1.0,True,0.0,False
2026,raw,effective,5,0,benign,-0.028223743331827165,0.18619614886655853,0.7490702148327844,1.0,0.0,1.746566519191386e-66,False,0.0,False
2026,raw,raw,6,14,benign,-0.0625653480436899,0.600378091314426,0.8016289227629285,1.1918438492632188e-42,0.0,1.0,True,0.0,False
2026,raw,raw,6,13,benign,0.045067829445027956,0.5427201842598502,0.794742029634243,1.0,0.0,0.0,False,0.07017456413794787,False
2026,raw,raw,6,12,benign,0.09999790557980565,0.5605515214563648,0.7949578670261066,1.0,0.0,0.0,False,0.15570551156296483,False
2026,raw,raw,6,4,benign,-0.015735507515221996,0.579932578780827,0.7896804211117652,1.0,0.0,0.0,False,0.0,False
2026,raw,raw,6,6,benign,-0.03840159763685482,0.5651787139235877,0.8013087856224792,6.400660548009618e-20,0.0,1.0,True,0.0,False
2026,raw,raw,6,10,benign,-0.024093610037639244,0.575428268550249,0.7879892903762294,1.0,0.0,0.0,False,0.0,False
2026,raw,raw,6,3,benign,-0.0397175161072732,0.5482183499909405,0.7874962332897129,1.2987354456178896e-08,0.9999999870126458,0.0,False,0.3114175414734018,False
2026,raw,raw,6,11,benign,-0.049951583030069725,0.5447392504594781,0.7929703459465727,3.120651246929345e-06,0.9999968793487536,0.0,False,0.3114165736923402,False
2026,raw,raw,6,0,benign,0.0534634830753385,0.5767638532086209,0.790655565552312,1.0,0.0,0.0,False,0.08324733337079632,False
2026,raw,raw,6,15,heterogeneous,0.04369598100158432,0.5564757490322971,0.7964199746120774,1.0,0.0,0.0,False,0.06803847576254908,False
2026,raw,effective,6,14,benign,-0.10266649729220215,0.19620860819031044,0.7582318494695488,5.713753833843072e-35,1.0,0.0,False,0.2318009202829621,False
2026,raw,effective,6,13,benign,0.04703607250691274,0.18597847147506294,0.7594794719957283,1.0,0.0,0.0,False,0.05451502446799252,False
2026,raw,effective,6,12,benign,0.11575493338966368,0.19165835382032112,0.7470522189345619,1.0,0.0,0.0,False,0.13416050043508507,False
2026,raw,effective,6,4,benign,-0.0037408797122316464,0.20234487723626188,0.7489676922960818,8.477388282879199e-11,0.0,0.9999999999152261,True,0.0,False
2026,raw,effective,6,6,benign,-0.05780845299135283,0.20172424243072667,0.7506568968808619,1.7929148377131083e-27,0.0,1.0,True,0.0,False
2026,raw,effective,6,10,benign,-0.012646590790171323,0.20006077829756652,0.7470789233453468,8.695170404939301e-22,0.0,1.0,True,0.0,False
2026,raw,effective,6,3,benign,-0.03887279034697679,0.19115580180714126,0.7536626611777489,5.709299174875306e-30,1.0,0.0,False,0.2318009202829621,False
2026,raw,effective,6,11,benign,-0.07808450909349936,0.1815285620643757,0.7544643542253953,1.234979501979342e-86,1.0,0.0,False,0.2318009202829621,False
2026,raw,effective,6,0,benign,0.036925075320195344,0.19805128787088225,0.7525873417032412,1.0,0.0,0.0,False,0.04279633220369486,False
2026,raw,effective,6,15,heterogeneous,0.06309326292154177,0.19337193372082864,0.7554377919797797,1.0,0.0,0.0,False,0.07312538204434135,False
2026,raw,raw,7,0,benign,0.03940366300216226,0.5286448598967927,0.7879579163810517,0.0,1.0,0.0,False,0.14187993094426823,False
2026,raw,raw,7,8,benign,0.13096285057316615,0.5600619277834675,0.798737501630081,0.9998919805856471,0.0001080194143530324,0.0,False,0.09291029122117962,False
2026,raw,raw,7,11,benign,-0.10425131265656085,0.5305744747887701,0.7919253143758785,0.0,1.0,0.0,False,0.14187993094426823,False
2026,raw,raw,7,18,heterogeneous,0.02421589770335148,0.5917366663755464,0.8058302637432195,0.0,6.082950007959476e-06,0.999993917049992,True,8.630485270667264e-07,False
2026,raw,raw,7,12,benign,0.1346513393609291,0.5499345589682627,0.7994022110121699,0.9999808010965702,1.9198903429776476e-05,0.0,False,0.09552250367926612,False
2026,raw,raw,7,14,benign,-0.02819945850197748,0.6037557318903305,0.8035908028585216,0.0,5.0223750105556445e-06,0.9999949776249891,True,7.125742196738532e-07,False
2026,raw,raw,7,2,benign,0.021805004447219136,0.5313395794509794,0.7958082361556383,0.0,1.0,0.0,False,0.14187993094426823,False
2026,raw,raw,7,1,benign,-0.044558998568972226,0.5537639912588469,0.7984548527802431,0.0,1.0,0.0,False,0.14187993094426823,False
2026,raw,raw,7,5,benign,0.017352973874122882,0.5784333656466496,0.7977006656779478,0.0,1.0,0.0,False,0.14187993094426823,False
2026,raw,raw,7,3,benign,0.14401697108078385,0.5781674939579763,0.7917527976423171,0.999990300814984,9.69918501619247e-06,0.0,False,0.10216597475546635,False
2026,raw,effective,7,0,benign,0.026563909238373533,0.17932545324602361,0.7505002463948982,0.0,1.0,0.0,False,0.1941014572270065,False
2026,raw,effective,7,8,benign,0.1733387615405975,0.1875863369665156,0.7568080010431202,0.0,1.0,0.0,False,0.1941014572270065,False
2026,raw,effective,7,11,benign,-0.13443260785424993,0.1820630271563078,0.7492970730717332,0.0,1.0,0.0,False,0.1941014572270065,False
2026,raw,effective,7,18,heterogeneous,0.008898509228812943,0.20540262096538192,0.7459207621165237,0.0,1.7287118542657253e-43,1.0,True,3.355454900385778e-44,False
2026,raw,effective,7,12,benign,0.1267930680578591,0.18879680986364317,0.7536008552230274,0.0,1.0,0.0,False,0.1941014572270065,False
2026,raw,effective,7,14,benign,-0.0030066377966125025,0.19695847096977984,0.7578407785107883,0.9999999999555031,4.4496930571640494e-11,0.0,False,8.636919066084356e-12,False
2026,raw,effective,7,2,benign,0.025256989858387504,0.18318538948932422,0.7530637196568769,0.0,1.0,0.0,False,0.1941014572270065,False
2026,raw,effective,7,1,benign,-0.04706751391415702,0.19383902153262902,0.7563942671876409,0.9999999974636138,2.536386222743566e-09,0.0,False,4.923162619250289e-10,False
2026,raw,effective,7,5,benign,0.030388966456361424,0.20243450893985546,0.7579306610615772,0.9999999999999855,1.4613855760446524e-14,0.0,False,0.02949271336401427,False
2026,raw,effective,7,3,benign,0.13529126350470871,0.20510991194051065,0.7447845718211188,0.0,7.763204334794191e-56,1.0,True,1.5068492741345661e-56,False
2026,raw,raw,8,9,benign,0.08333251771644702,0.5262201815375298,0.7926756207191262,0.0,1.0,0.0,False,0.15862537588846756,False
2026,raw,raw,8,2,benign,-0.0560934044181553,0.5178507231021693,0.7876243112091321,0.0,1.0,0.0,False,0.15862537588846756,False
2026,raw,raw,8,15,heterogeneous,0.05498907373292749,0.5343322311819956,0.7927528524999116,0.0,1.0,0.0,False,0.15862537588846756,False
2026,raw,raw,8,18,heterogeneous,0.06079924064923541,0.5628977555556428,0.7970888505606666,0.9997624030395735,0.00023759696042629407,0.0,False,0.04824774363106898,False
2026,raw,raw,8,7,benign,-0.11368775686200532,0.5741010452682901,0.8002455269716799,1.0,1.1263181031132386e-23,0.0,False,1.7866263247632324e-24,False
2026,raw,raw,8,6,benign,0.0330283076195982,0.5272045916761384,0.7944019845411527,0.0,1.0,0.0,False,0.15862537588846756,False
2026,raw,raw,8,10,benign,0.18748402367143682,0.5627018791140087,0.7983254438156868,2.092627369348909e-52,1.0,0.0,False,0.15862537588846756,False
2026,raw,raw,8,4,benign,-0.016728496568843815,0.5653450475883486,0.7976952189211386,0.9999999934554872,6.544512872890249e-09,0.0,False,1.0381258144691305e-09,False
2026,raw,raw,8,19,heterogeneous,0.002347629714611283,0.5406436081097944,0.7931120273583209,0.0,1.0,0.0,False,0.15862537588846756,False
2026,raw,raw,8,8,benign,-0.015337501822038975,0.5872891906803522,0.7850563980094019,0.0,1.2807238001716794e-35,1.0,True,2.0315529421153928e-36,False
2026,raw,effective,8,9,benign,0.11110833356277164,0.18150731999619116,0.7525199500791608,3.4857500834580354e-09,0.9999999965142502,0.0,False,0.2997693587081121,False
2026,raw,effective,8,2,benign,-0.042744934025566894,0.17499579596758152,0.7481600925659087,1.0,0.0,0.0,False,0.0,False
2026,raw,effective,8,15,heterogeneous,0.06366913636765462,0.18171271041977247,0.7555234556816185,1.7328977159208281e-09,0.9999999982671022,0.0,False,0.29976935881843714,False
2026,raw,effective,8,18,heterogeneous,0.05026946395585723,0.19899695559797445,0.7458778331769869,1.0,0.0,0.0,False,0.07534622497997105,False
2026,raw,effective,8,7,benign,-0.12770319503650251,0.199366122703381,0.7560745006840943,1.0,0.0,0.0,False,0.0,False
2026,raw,effective,8,6,benign,0.027148126863481118,0.18544781055969922,0.7569167629534818,5.1982150201263145e-08,0.99999994801785,0.0,False,0.2997693457050797,False
2026,raw,effective,8,10,benign,0.18070404786030225,0.19688429108523425,0.7555663650386814,6.979463765610453e-15,0.0,0.999999999999993,True,1.8903715904390895e-15,False
2026,raw,effective,8,4,benign,0.005837089724575139,0.20388531492149262,0.7537361302838899,1.0,3.2954759078237643e-78,0.0,False,0.008748903230842417,False
2026,raw,effective,8,19,heterogeneous,0.011073052031313948,0.19080569195067165,0.7515600827841011,1.0,0.0,0.0,False,0.01659680855755564,False
2026,raw,effective,8,8,benign,0.051786234234094654,0.19067467795983245,0.7626819981583376,6.75804497081235e-17,0.0,1.0,True,5.2455695861596125e-18,False
2026,raw,raw,9,5,benign,0.05742966333618301,0.601255688704148,0.7989243205601824,0.0,0.0,1.0,True,0.0,False
2026,raw,raw,9,19,heterogeneous,0.018822732926585057,0.5211261053584151,0.7902201309390736,0.0,0.9999938577499444,6.142250055688147e-06,False,0.24113267636477764,False
2026,raw,raw,9,7,benign,0.029620554528009758,0.6115364380320659,0.7995227296679063,0.0,0.0,1.0,True,0.0,False
2026,raw,raw,9,13,benign,0.06524835697392947,0.5490194759886187,0.7892306991805321,0.9999999999999258,0.0,7.414414813713685e-14,False,0.07866803792639457,False
2026,raw,raw,9,9,benign,0.09638079346588051,0.5417758751594105,0.7966163669561006,0.99999999903925,0.0,9.607500567721556e-10,False,0.11620350703229888,False
2026,raw,raw,9,16,heterogeneous,0.03549816633115191,0.5686086237806848,0.7965823599653111,3.616823408785693e-226,0.0,1.0,True,1.5479679453167641e-227,False
2026,raw,raw,9,3,benign,-0.049642227841403194,0.527829675399548,0.7886844242211856,0.0,0.9999999999998976,1.0242664249498082e-13,False,0.24113415747104508,False
2026,raw,raw,9,10,benign,0.0677869483023952,0.5491263723014816,0.7945745255606308,0.9999843438387441,0.0,1.5656161255934713e-05,False,0.08172746377378029,False
2026,raw,raw,9,14,benign,0.023740794993761742,0.5903708663694393,0.7949812472467416,0.0,0.0,1.0,True,0.0,False
2026,raw,raw,9,15,heterogeneous,0.006793825039306928,0.5207737637562972,0.7952398988973007,0.0,0.9999999998367453,1.6325477850540667e-10,False,0.2411341574317035,False
2026,raw,effective,9,5,benign,0.0651394450736264,0.21042628206283615,0.7489095153583032,0.0,2.009925750602347e-133,1.0,True,4.0198515012046943e-134,False
2026,raw,effective,9,19,heterogeneous,0.012252785429575811,0.18237905072175134,0.7530520004541893,0.0,1.0,0.0,False,0.2,False
2026,raw,effective,9,7,benign,0.053415211244641124,0.215378944117361,0.7562836161493242,0.0,2.236817483476999e-80,1.0,True,4.473634966953998e-81,False
2026,raw,effective,9,13,benign,0.08509831351534633,0.18701944875413906,0.7541007626641921,0.0,1.0,3.31346855634077e-30,False,0.2,False
2026,raw,effective,9,9,benign,0.0875451961203438,0.1844770807743622,0.7545007991248046,0.0,1.0,2.379482872630596e-38,False,0.2,False
2026,raw,effective,9,16,heterogeneous,0.032770515444049846,0.1905494870081913,0.7578662391664064,0.0,1.0,0.0,False,0.2,False
2026,raw,effective,9,3,benign,-0.0610096564772139,0.1854413772513282,0.7432459252012074,1.0,6.091922741599205e-75,0.0,False,1.2183845483198412e-75,False
2026,raw,effective,9,10,benign,0.07357181935798456,0.19691453821463278,0.7509901680071754,0.0,7.101728597759733e-35,1.0,True,1.4203457195519466e-35,False
2026,raw,effective,9,14,benign,0.06267659969339359,0.20638559249527202,0.7530375282016674,0.0,2.6285850961415935e-61,1.0,True,5.257170192283188e-62,False
2026,raw,effective,9,15,heterogeneous,0.03572104773754147,0.181240675715033,0.7536879897060201,0.0,1.0,0.0,False,0.2,False
2026,raw,raw,10,6,benign,0.05361084770981141,0.5777515476122576,0.7942853145564306,0.9993242289196366,0.0006757710803636217,0.0,False,0.03547879932461483,False
2026,raw,raw,10,16,heterogeneous,0.09802546345820232,0.5759862438481024,0.7984178635020536,0.9999981621555563,1.8378444436825345e-06,0.0,False,0.06475231944752871,False
2026,raw,raw,10,10,benign,0.06371495839299153,0.5497772265402397,0.7929268998407377,0.0,1.0,0.0,False,0.13211301097584432,False
2026,raw,raw,10,12,benign,0.16212001313385668,0.5742119128954334,0.8036701566777052,1.0,5.4977184215309576e-21,0.0,False,0.10709081537278617,False
2026,raw,raw,10,13,benign,0.03198027947441867,0.534798344581724,0.7877308981539336,0.0,1.0,0.0,False,0.13211301097584432,False
2026,raw,raw,10,11,benign,-0.04699543348549392,0.5344547462383016,0.79354294637702,0.0,1.0,0.0,False,0.13211301097584432,False
2026,raw,raw,10,15,heterogeneous,0.00037907448068677676,0.5498889266713731,0.7912793659825585,0.0,1.0,0.0,False,0.13211301097584432,False
2026,raw,raw,10,19,heterogeneous,0.010415217925663236,0.5579694093700652,0.7948203920315825,0.0,1.0,0.0,False,0.13211301097584432,False
2026,raw,raw,10,14,benign,0.06607442415465811,0.6373478361989154,0.8070958083372268,0.0,3.273833383242806e-14,0.999999999999968,True,4.3251598569344245e-15,False
2026,raw,raw,10,7,benign,0.0003207388460536718,0.574560016801069,0.7964526006566428,0.0,1.0,0.0,False,0.13211301097584432,False
2026,raw,effective,10,6,benign,0.021652286253610514,0.2024550376378856,0.7492761169915607,0.0,1.0,0.0,False,0.11795347318297178,False
2026,raw,effective,10,16,heterogeneous,0.12145036924148736,0.19549303545623392,0.7521898379442066,0.9999851899659334,1.4810034066544025e-05,0.0,False,0.07162815044670788,False
2026,raw,effective,10,10,benign,0.041992258954651474,0.19773547930349067,0.7485951645545128,0.0,1.0,0.0,False,0.11795347318297178,False
2026,raw,effective,10,12,benign,0.1741322819942456,0.2008033765854544,0.7613014750845613,1.0,8.362806610738997e-17,0.0,False,0.10269753727248966,False
2026,raw,effective,10,13,benign,0.04316114203556331,0.18673731434111263,0.7508327796284724,0.0,1.0,0.0,False,0.11795347318297178,False
2026,raw,effective,10,11,benign,-0.08349706297726728,0.1878781498165967,0.7507858711457789,0.0,1.0,0.0,False,0.11795347318297178,False
2026,raw,effective,10,15,heterogeneous,-0.019141933640733036,0.18924372925502855,0.7564837351983362,0.0,1.0,0.0,False,0.11795347318297178,False
2026,raw,effective,10,19,heterogeneous,0.009112510246348413,0.19746691189609944,0.750473480561291,0.0,1.0,0.0,False,0.11795347318297178,False
2026,raw,effective,10,14,benign,0.09021049487295446,0.22568853845582953,0.7578830890024053,0.0,1.704949947503365e-21,1.0,True,2.0110476791114733e-22,False
2026,raw,effective,10,7,benign,-0.0028590008320040555,0.19985200540248127,0.7504693997937824,0.0,1.0,0.0,False,0.11795347318297178,False
2026,effective,raw,1,12,benign,0.8716863593705216,1.4138155523065605,0.9117186845557644,1.8819290804107535e-08,0.9999999811807092,0.0,False,0.04904816642867328,False
2026,effective,raw,1,16,heterogeneous,0.8263398856630653,1.4302770960387918,0.9055055407494597,3.4864433145162498e-71,0.0,1.0,True,7.06535646282336e-72,False
2026,effective,raw,1,14,benign,0.8615290183861658,1.417719764887136,0.9042738435355044,1.0,0.0,0.0,False,0.21128208003095528,False
2026,effective,raw,1,2,benign,0.8739249310574805,1.3588321071008735,0.9085713381681281,1.460627857614392e-05,0.9999853937214239,0.0,False,0.0490505773652986,False
2026,effective,raw,1,0,benign,0.8720844777696355,1.4791120656333119,0.9080229123076171,1.0,0.0,0.0,False,0.21387070951020293,False
2026,effective,raw,1,6,benign,0.8708868708504477,1.440794674085384,0.9056195481287789,1.0,0.0,0.0,False,0.21357700741132363,False
2026,effective,raw,1,9,benign,0.8731144303612692,1.4226989898847027,0.9082274748944369,1.0,0.0,0.0,False,0.2141232959248791,False
2026,effective,raw,1,15,heterogeneous,0.8107593174980404,1.4927882313325114,0.9063750842632151,2.2795652103945277e-151,0.0,1.0,True,4.532488620711263e-152,False
2026,effective,raw,1,19,heterogeneous,0.8177058467157848,1.4381666109904199,0.9023144885380148,1.0029468889826243e-77,0.0,1.0,True,2.01125803561595e-78,False
2026,effective,raw,1,17,heterogeneous,0.808251638131593,1.399883824619778,0.911716229237873,3.80522931958348e-230,1.0,0.0,False,0.04904816332866728,False
2026,effective,effective,1,12,benign,0.8237646620616712,0.9646153977177938,0.7540662576212305,1.0,0.0,0.0,False,0.14874228793617605,False
2026,effective,effective,1,16,heterogeneous,0.7565148151509139,0.9638311820979919,0.7522146334490664,4.7660170068267255e-46,1.0,0.0,False,0.03611281104579367,False
2026,effective,effective,1,14,benign,0.8139487322984801,0.9541776300434045,0.750533971799521,1.0,0.0,0.0,False,0.14696988385229154,False
2026,effective,effective,1,2,benign,0.8326497793752604,0.9532010752719616,0.7529311701880391,1.0,0.0,0.0,False,0.15034662074950284,False
2026,effective,effective,1,0,benign,0.8194396500077045,0.9801029966806191,0.7520735591504563,1.0,0.0,0.0,False,0.14796134622079765,False
2026,effective,effective,1,6,benign,0.8195570695677554,0.9718492066607785,0.7501188751545065,1.0,8.322345715931982e-290,0.0,False,0.14798254797272364,False
2026,effective,effective,1,9,benign,0.8288409337137952,0.9550330070566467,0.7516840012388799,1.0,0.0,0.0,False,0.1496588801311274,False
2026,effective,effective,1,15,heterogeneous,0.7195160065473631,0.9874276043825061,0.7489778519266951,1.0174366550955851e-88,0.0,1.0,True,1.3218407599396751e-89,False
2026,effective,effective,1,19,heterogeneous,0.7341619971090037,0.9639378593615117,0.7499384252302417,1.7442222950819591e-71,1.0,0.0,False,0.03611281104579367,False
2026,effective,effective,1,17,heterogeneous,0.7371227073034998,0.9557631992018322,0.7555644805589147,1.1624393922028603e-95,1.0,0.0,False,0.03611281104579367,False
2026,effective,raw,2,19,heterogeneous,0.1431753886005987,0.5932221256481172,0.7941708048410357,1.608175397941468e-39,0.0,1.0,True,6.1018411223091806e-40,False
2026,effective,raw,2,7,benign,0.02525058555692006,0.5525864508934659,0.7864335797612166,1.0,0.0,0.0,False,0.066916091256246,False
2026,effective,raw,2,0,benign,0.11498387469575695,0.5794596736807869,0.7814402423529831,1.0,0.0,1.517282547435419e-292,False,0.30471655537625225,False
2026,effective,raw,2,5,benign,0.08641646441657326,0.6169258272802578,0.7971596611775492,1.7361046531895068e-59,0.0,1.0,True,3.9758638686732556e-60,False
2026,effective,raw,2,11,benign,0.1778085670614532,0.5185880137430215,0.7876006316977039,2.8827532193023803e-09,0.9999999971172465,7.392711013311494e-118,False,0.5300161541521426,False
2026,effective,raw,2,14,benign,-0.022939438717247438,0.6029454989973974,0.7815402693478539,1.0,0.0,0.0,False,0.0,False
2026,effective,raw,2,6,benign,-0.029404016351724127,0.5834745315360136,0.7862131401168487,1.0,0.0,0.0,False,0.0,False
2026,effective,raw,2,18,heterogeneous,0.11913667225727737,0.6450699995873463,0.7927246277452267,1.7820000184675285e-60,0.0,1.0,True,5.626162611687932e-61,False
2026,effective,raw,2,10,benign,0.03711252889687134,0.5685399170494001,0.7823240963268671,1.0,0.0,0.0,False,0.0983511992153589,False
2026,effective,raw,2,4,benign,0.15123304289902056,0.6014130854697989,0.794256695986993,5.783030552263012e-46,0.0,1.0,True,2.3177217067933124e-46,False
2026,effective,effective,2,19,heterogeneous,0.1512358106307645,0.20639440557991795,0.7559276728511988,2.560519239822119e-19,0.0,1.0,True,1.1392591457147762e-19,False
2026,effective,effective,2,7,benign,0.034764643192441776,0.18420593348348846,0.7513743224272532,1.0,0.0,0.0,False,0.10227691457942445,False
2026,effective,effective,2,0,benign,0.08195405166763574,0.19010474995621812,0.7477419686071054,1.0,0.0,5.1324367149346e-310,False,0.2411072507043841,False
2026,effective,effective,2,5,benign,0.10795974139629341,0.2107416749539834,0.7595625427309456,1.460384268002948e-24,0.0,1.0,True,4.638406676662048e-25,False
2026,effective,effective,2,11,benign,0.17856974690559674,0.16704777170218246,0.762297554959828,4.7046601228405187e-08,0.999999952953398,0.0,False,0.588396167322506,False
2026,effective,effective,2,14,benign,-0.051255701278851776,0.20340155638836374,0.7377563084641562,1.0,0.0,0.0,False,0.0,False
2026,effective,effective,2,6,benign,-0.010419979332694796,0.19830412851253948,0.7488146326234927,1.0,0.0,0.0,False,0.0,False
2026,effective,effective,2,18,heterogeneous,0.09480491046978744,0.2186740068997435,0.747625304168728,2.374388125025322e-20,0.0,1.0,True,6.622506385210093e-21,False
2026,effective,effective,2,10,benign,0.023188345145148143,0.1867041188365515,0.7501702621460776,1.0,0.0,0.0,False,0.06821966739368543,False
2026,effective,effective,2,4,benign,0.1246798059772754,0.20253135966086586,0.7654727787967913,1.5482853433287724e-23,0.0,1.0,True,5.679197370354885e-24,False
2026,effective,raw,3,18,heterogeneous,0.16590249541729432,0.5988023505572077,0.7949562675589806,0.0,0.0,1.0,True,0.0,False
2026,effective,raw,3,4,benign,0.08220812145724356,0.5569880841991218,0.7936290764180832,0.9999941176714366,0.0,5.882328563471745e-06,False,0.12739659373281376,False
2026,effective,raw,3,19,heterogeneous,0.024533377491916253,0.5843692907288943,0.7948066892541621,0.9999478772968563,0.0,5.212270314375767e-05,False,0.03801721954152868,False
2026,effective,raw,3,16,heterogeneous,0.04474410236123849,0.5820919743551516,0.7904009779314582,0.9999999939144506,0.0,6.08554942846091e-09,False,0.06933961785816957,False
2026,effective,raw,3,17,heterogeneous,0.09380529744728244,0.54710181033795,0.7945686008839232,0.9999999968157421,0.0,3.184258015950816e-09,False,0.14536940409318527,False
2026,effective,raw,3,10,benign,0.2577960610503466,0.5588485772398026,0.7899106566138524,0.0,0.0,1.0,True,0.0,False
2026,effective,raw,3,6,benign,0.134774138418048,0.5843640278240664,0.7958792931650064,0.0,0.0,1.0,True,0.0,False
2026,effective,raw,3,13,benign,0.10545183938768797,0.5120030296171563,0.7861589452370872,0.0,1.0,3.8362621649315545e-16,False,0.30993858238715133,False
2026,effective,raw,3,11,benign,0.07535144433526943,0.5065906655262407,0.7786798840646617,0.0,1.0,1.9015616413935233e-32,False,0.30993858238715133,False
2026,effective,raw,3,1,benign,0.15017534001973978,0.5729946124400839,0.7915116332768432,0.0,0.0,1.0,True,0.0,False
2026,effective,effective,3,18,heterogeneous,0.18583046885960144,0.20481950208364358,0.7512093466743951,0.0,0.0,1.0,True,0.0,False
2026,effective,effective,3,4,benign,0.10899723292150698,0.1902439381687999,0.7534305186538542,0.9999916590646926,0.0,8.340935307554506e-06,False,0.20125757442662157,False
2026,effective,effective,3,19,heterogeneous,0.03926475363732866,0.19073686986247165,0.7604037987652592,0.0,0.0,1.0,True,0.0,False
2026,effective,effective,3,16,heterogeneous,0.03257993287883187,0.19041861069760185,0.7498233765607213,1.0,0.0,3.417671261068148e-16,False,0.06015760934517194,False
2026,effective,effective,3,17,heterogeneous,0.14153127522154876,0.18260142479263775,0.7566307557704282,0.0,0.0,1.0,True,0.0,False
2026,effective,effective,3,10,benign,0.3037560836158964,0.184255399238208,0.7525016229633202,0.0,0.0,1.0,True,0.0,False
2026,effective,effective,3,6,benign,0.17335928960737113,0.20196778692504747,0.7526034390605105,0.0,0.0,1.0,True,0.0,False
2026,effective,effective,3,13,benign,0.11825401128534563,0.16792214792042562,0.7540876742397402,0.0,0.9999999999975531,2.4472066178031976e-12,False,0.36929240811365144,False
2026,effective,effective,3,11,benign,0.12277453249798108,0.15864602559153926,0.7501984224726063,0.0,1.0,1.2973364356115995e-26,False,0.36929240811455505,False
2026,effective,effective,3,1,benign,0.16338194697878886,0.1946778568469428,0.7579097206821064,0.0,0.0,1.0,True,0.0,False
2026,effective,raw,4,16,heterogeneous,-0.020116768164919956,0.5512451761752281,0.7861632832244225,1.0,0.0,0.0,False,0.0,False
2026,effective,raw,4,5,benign,0.12992331266461668,0.5872560507381496,0.7983853272117295,6.292484278077343e-68,0.0,1.0,True,1.7253823866236908e-68,False
2026,effective,raw,4,19,heterogeneous,0.06011203539106594,0.5434258047501268,0.7936857906047777,5.963191253619175e-40,1.0,0.0,False,0.42209103838152323,False
2026,effective,raw,4,17,heterogeneous,0.1700950905580354,0.6007229312137937,0.7994173281176857,1.4848879327551001e-81,0.0,1.0,True,5.330421997915633e-82,False
2026,effective,raw,4,15,heterogeneous,0.002007675611157429,0.5736074431065873,0.7889922535317063,1.0,0.0,0.0,False,0.004237109417233492,False
2026,effective,raw,4,14,benign,0.015668649271836706,0.5685627260726404,0.7864431388535885,1.0,0.0,0.0,False,0.033067982205927264,False
2026,effective,raw,4,3,benign,0.0361110884864833,0.5501030504717456,0.7859180188988162,1.0,0.0,0.0,False,0.07621083418173401,False
2026,effective,raw,4,18,heterogeneous,0.12308623179579316,0.6148176994528763,0.7965708559386683,2.5536681885243312e-36,0.0,1.0,True,6.6336121912375e-37,False
2026,effective,raw,4,1,benign,0.020044015904371115,0.5206627999250812,0.7840132283155362,1.0,0.0,0.0,False,0.04230199743205885,False
2026,effective,raw,4,6,benign,0.01595827073707274,0.552680317949627,0.7927148536317213,3.601811941452333e-23,1.0,0.0,False,0.42209103838152323,False
2026,effective,effective,4,16,heterogeneous,-0.028666348275575192,0.18933313261416396,0.7479772564406487,1.0,0.0,0.0,False,0.0,False
2026,effective,effective,4,5,benign,0.17129308397208434,0.1951266973575239,0.7585142768355755,3.79301070507788e-43,0.0,1.0,True,1.1884065074362941e-43,False
2026,effective,effective,4,19,heterogeneous,0.07348105351442698,0.18278959336088377,0.7585473503263228,2.8466747565033796e-22,1.0,0.0,False,0.3658230952175456,False
2026,effective,effective,4,17,heterogeneous,0.203298873517624,0.19967469862028078,0.7567231826734548,5.013301843282344e-51,0.0,1.0,True,1.8642319641895302e-51,False
2026,effective,effective,4,15,heterogeneous,-0.025764464936650258,0.18497167445460913,0.7628798679167695,9.04811195313913e-44,1.0,0.0,False,0.3658230952175456,False
2026,effective,effective,4,14,benign,0.02984486773959234,0.1857884917833697,0.7459352455198606,1.0,0.0,0.0,False,0.05458970946427971,False
2026,effective,effective,4,3,benign,0.05447656477038592,0.18369193300796255,0.7495528364452154,1.0,0.0,0.0,False,0.09964392770560838,False
2026,effective,effective,4,18,heterogeneous,0.11750185263263127,0.21351136329989276,0.7458593222351185,1.2665331553792653e-36,0.0,1.0,True,2.722089508435148e-37,False
2026,effective,effective,4,1,benign,0.043367283190544725,0.1781464593207533,0.7482773563466185,1.0,0.0,0.0,False,0.07932376883970453,False
2026,effective,effective,4,6,benign,0.019023623172081984,0.18956697652337984,0.7472890785088496,1.0,0.0,0.0,False,0.03479640355531627,False
2026,effective,raw,5,13,benign,0.06338789242138079,0.5975336374912104,0.7911424396913661,2.446317433409228e-38,0.0,1.0,True,1.7716527828952044e-39,False
2026,effective,raw,5,17,heterogeneous,0.13716347995457456,0.531113137784151,0.7970491789701537,7.898954646534675e-07,0.9999992101045353,0.0,False,0.22850166879872577,False
2026,effective,raw,5,8,benign,0.08118868470723993,0.5514647294178316,0.7943318129229237,1.0,0.0,0.0,False,0.09275877273596506,False
2026,effective,raw,5,19,heterogeneous,0.10205148488517575,0.5670856690990136,0.8035646143482246,1.0,0.0,0.0,False,0.11659470193372468,False
2026,effective,raw,5,3,benign,0.061709561733090536,0.5456299592225611,0.7960457057421962,1.0,0.0,0.0,False,0.07050370668125024,False
2026,effective,raw,5,12,benign,0.16881341696328833,0.5482494717745509,0.7940578932091998,8.600826699195097e-10,0.9999999991399174,0.0,False,0.22850172547567585,False
2026,effective,raw,5,2,benign,0.030317233481433812,0.559800164152799,0.7966423362533053,1.0,0.0,0.0,False,0.034637700815428225,False
2026,effective,raw,5,10,benign,0.12942071913833703,0.5426119673966417,0.7902213266849315,2.414624509190274e-08,0.999999975853755,0.0,False,0.2285017235592301,False
2026,effective,raw,5,5,benign,0.1420758683586987,0.5738950538615659,0.7867488432099823,7.533414609535177e-42,0.0,1.0,True,1.2228457467302846e-42,False
2026,effective,raw,5,0,benign,-0.004232329437202714,0.5529038706295022,0.7906151671811172,1.0,0.0,0.0,False,0.0,False
2026,effective,effective,5,13,benign,0.006936945257071831,0.18749329349534588,0.7568045201235752,1.0,0.0,0.0,False,0.010430094183750984,False
2026,effective,effective,5,17,heterogeneous,0.11794021433585969,0.17260947239348678,0.757777364406264,1.9094231266040552e-44,1.0,0.0,False,0.30071144566459085,False
2026,effective,effective,5,8,benign,0.08245603686527761,0.17498934971984764,0.7606976398242852,1.1081965535649141e-75,1.0,0.0,False,0.30071144566459085,False
2026,effective,effective,5,19,heterogeneous,0.1248550376673727,0.19537756351244565,0.7605304351917287,1.0628623099038631e-09,0.0,0.9999999989371378,True,1.995276280164874e-10,False
2026,effective,effective,5,3,benign,0.04051095294464095,0.1849925524612687,0.7564677911844443,1.0,0.0,0.0,False,0.06091053612616596,False
2026,effective,effective,5,12,benign,0.16565413259622533,0.18091102240602436,0.7465368878924203,5.013715039844769e-189,0.0,1.0,True,1.2487683537322934e-189,False
2026,effective,effective,5,2,benign,0.017641518391932846,0.18632625537434214,0.7557316851048753,1.0,0.0,0.0,False,0.026525032496782966,False
2026,effective,effective,5,10,benign,0.1373857405197743,0.1803315905722918,0.7558157913647523,6.675228963699123e-17,1.0,0.0,False,0.30071144566459085,False
2026,effective,effective,5,5,benign,0.1259358646331892,0.19245664631699325,0.7518816442554904,1.0380546225677427e-77,0.0,1.0,True,1.9655749007856437e-78,False
2026,effective,effective,5,0,benign,-0.025676887726312006,0.18082386373161233,0.7548929066856296,1.0,0.0,0.0,False,0.0,False
2026,effective,raw,6,14,benign,0.012885294819460569,0.605098800051172,0.7968995218415278,0.0,1.6997264082347e-310,1.0,True,4.0003237948184e-311,False
2026,effective,raw,6,13,benign,0.0997908146952683,0.5355189306708193,0.7867517972115556,0.0,1.0,8.848760777709947e-69,False,0.2353510409344761,False
2026,effective,raw,6,12,benign,0.12005096440866299,0.5677109427523428,0.7899599727146781,0.0,1.0,2.1783299982980807e-62,False,0.2353510409344761,False
2026,effective,raw,6,4,benign,0.00228378601768969,0.5787925891646717,0.7936706050311169,0.0,0.0,1.0,True,0.0,False
2026,effective,raw,6,6,benign,0.015605441190260529,0.5720638844423346,0.7993555466048267,0.0,6.160265394420222e-138,1.0,True,1.44982487300943e-138,False
2026,effective,raw,6,10,benign,0.053209496161028755,0.5537573037703408,0.7917278062477959,0.0,1.0,1.8591843786821362e-19,False,0.2353510409344761,False
2026,effective,raw,6,3,benign,-0.05440039884925366,0.5590152137572463,0.782873676407007,0.9999999999999859,0.0,1.4486110576589164e-14,False,0.0,False
2026,effective,raw,6,11,benign,-0.012563950305940944,0.5724613763101578,0.7965781596895688,0.0,2.3687412275737284e-46,1.0,True,5.574857136138858e-47,False
2026,effective,raw,6,0,benign,0.05029462729108694,0.5900106165034528,0.7877392518082792,1.0,0.0,1.5398596337884835e-20,False,0.0591844644318441,False
2026,effective,raw,6,15,heterogeneous,0.0003290893381270483,0.5475997751118012,0.7941945708928545,0.0,0.9974989353460632,0.0025010646539369574,False,0.23476241276472765,False
2026,effective,effective,6,14,benign,0.004832079408236412,0.19717026624819414,0.7522124554174051,1.0,0.0,0.0,False,0.010169227541095175,False
2026,effective,effective,6,13,benign,0.10179853774367884,0.1807855215206664,0.7505384735642842,8.267726535955836e-57,1.0,0.0,False,0.4209048188968686,False
2026,effective,effective,6,12,benign,0.13662734491048545,0.19427222188135418,0.7453129071704575,1.8799704326578184e-66,0.0,1.0,True,5.4055831227785334e-67,False
2026,effective,effective,6,4,benign,0.02721570285730106,0.2014831109943647,0.752266342106778,1.0,0.0,0.0,False,0.05727610241151646,False
2026,effective,effective,6,6,benign,0.020586453484901745,0.20256503064805773,0.7515884220814932,1.0,0.0,0.0,False,0.043324687378956894,False
2026,effective,effective,6,10,benign,0.06331632912453852,0.18536066115651745,0.7492610538363333,6.015887709143813e-34,1.0,0.0,False,0.4209048188968686,False
2026,effective,effective,6,3,benign,-0.023989947883920008,0.19605578612686633,0.7531028788019865,1.0,0.0,0.0,False,0.0,False
2026,effective,effective,6,11,benign,-0.02216927488160898,0.19216273113545942,0.7510951137313103,1.0,0.0,0.0,False,0.0,False
2026,effective,effective,6,0,benign,0.06237814225476999,0.19990859936142405,0.7475425375390945,1.7122748882841315e-15,0.0,0.9999999999999983,True,2.2478111764327555e-16,False
2026,effective,effective,6,15,heterogeneous,0.02253257399094457,0.19145873904949945,0.7570868213299959,1.0,0.0,0.0,False,0.047420344874694084,False
2026,effective,raw,7,0,benign,0.041112704467083115,0.5484554205414998,0.7842011531667535,0.0,1.0,0.0,False,0.1422807950200788,False
2026,effective,raw,7,8,benign,0.04978482004347242,0.5267253646751903,0.7904611941796224,0.0,1.0,0.0,False,0.1422807950200788,False
2026,effective,raw,7,11,benign,-0.04483214887790924,0.5393846194910945,0.7897034026700958,0.0,1.0,0.0,False,0.1422807950200788,False
2026,effective,raw,7,18,heterogeneous,0.03465876369668391,0.5729097225980909,0.8015673049568444,0.0,2.117486145613095e-10,0.9999999997882513,True,3.0127761224183346e-11,False
2026,effective,raw,7,12,benign,0.13749068030271472,0.5717372234757905,0.7983820696758418,0.9999999999991922,8.07781091718694e-13,0.0,False,0.0978114165066446,False
2026,effective,raw,7,14,benign,-0.00616743233030371,0.5745062798301013,0.7965258855060012,0.0,6.691158601211194e-06,0.9999933088413989,True,9.520233653857669e-07,False
2026,effective,raw,7,2,benign,0.10115934933295666,0.5391172589134745,0.7990976504545773,0.9999999892277692,1.0772230827126718e-08,0.0,False,0.07196516399149096,False
2026,effective,raw,7,1,benign,-0.012851331736706256,0.5400227384343017,0.792975323650269,0.0,1.0,0.0,False,0.1422807950200788,False
2026,effective,raw,7,5,benign,-0.0051680088765004625,0.5732745105497068,0.7914800542077625,0.0,1.0,0.0,False,0.1422807950200788,False
2026,effective,raw,7,3,benign,0.16701971946538705,0.5873767474569745,0.7912077496898507,0.9999999999936744,6.325721882981248e-12,0.0,False,0.11881849234797741,False
2026,effective,effective,7,0,benign,0.00893202993553758,0.1885627801753579,0.7447414074189647,1.0,0.0,0.0,False,0.011499307223910165,False
2026,effective,effective,7,8,benign,0.06430367277644378,0.17322694884104728,0.7559478433697098,0.0,1.0,3.509059566024888e-297,False,0.2574847443839891,False
2026,effective,effective,7,11,benign,-0.09085432575716722,0.18334508683407252,0.7502586683255419,1.0,0.0,0.0,False,0.0,False
2026,effective,effective,7,18,heterogeneous,0.004309612666953977,0.1978086305550263,0.749717117690013,6.527859342405652e-23,0.0,1.0,True,3.6218506190242964e-25,False
2026,effective,effective,7,12,benign,0.12071244737657304,0.18964896683457017,0.7547886524362366,6.402014312772902e-249,1.0,0.0,False,0.2574847443839891,False
2026,effective,effective,7,14,benign,-0.007488649425113455,0.19338432761912977,0.7540782782349841,0.00010387327311866405,0.0,0.9998961267268813,True,0.0,False
2026,effective,effective,7,2,benign,0.09731248338917999,0.1851067552540286,0.7554168354492677,4.22651e-318,1.0,0.0,False,0.2574847443839891,False
2026,effective,effective,7,1,benign,-0.05686551481485619,0.18616016919448447,0.7511250072458956,1.0,0.0,0.0,False,0.0,False
2026,effective,effective,7,5,benign,-0.028534113397336795,0.1978713463439811,0.755845443053328,1.4703280727563665e-18,0.0,1.0,True,0.0,False
2026,effective,effective,7,3,benign,0.16781301753701625,0.2056921150642715,0.7444036767997839,1.0,0.0,0.0,False,0.21604645962412253,False
2026,effective,raw,8,9,benign,0.03690732232057199,0.516094442544809,0.7901790718377639,0.0,1.0,0.0,False,0.14285317946996098,False
2026,effective,raw,8,2,benign,-0.03703594937350248,0.5346642098042758,0.7916138833643603,0.0,1.0,0.0,False,0.14285317946996098,False
2026,effective,raw,8,15,heterogeneous,0.029366767880888857,0.5435048652555649,0.7937193975041781,0.0,1.0,0.0,False,0.14285317946996098,False
2026,effective,raw,8,18,heterogeneous,0.06193602615017072,0.5578817356630251,0.7961273130022678,0.0,1.0,0.0,False,0.14285317946996098,False
2026,effective,raw,8,7,benign,-0.07430126371280532,0.5864967457995136,0.8046001710535389,0.0,2.649624649434406e-16,1.0,True,3.785073055736857e-17,False
2026,effective,raw,8,6,benign,-0.00026418281437331137,0.5520166600320954,0.792981796966961,0.0,1.0,0.0,False,0.14285317946996098,False
2026,effective,raw,8,10,benign,0.0992436105283742,0.5597802336277667,0.7959098898961866,0.0,1.0,0.0,False,0.14285317946996098,False
2026,effective,raw,8,4,benign,-0.04785454371329778,0.5596020433710823,0.795490338933229,0.9998057886399452,0.00019421136005515918,0.0,False,2.7743710273064866e-05,False
2026,effective,raw,8,19,heterogeneous,-0.04817558243874281,0.5399190322332267,0.7949613872032789,0.0,1.0,0.0,False,0.14285317946996098,False
2026,effective,raw,8,8,benign,-0.013937278862864359,0.5854525103775114,0.7917396895911758,1.0,1.755864630182713e-16,0.0,False,2.508308451404478e-17,False
2026,effective,effective,8,9,benign,0.04073024356769241,0.1732963568875381,0.7510011307179523,0.0,1.0,0.0,False,0.1506475399057399,False
2026,effective,effective,8,2,benign,-0.04223404209242935,0.18493404508956754,0.7517400499850162,0.0,1.0,0.0,False,0.1506475399057399,False
2026,effective,effective,8,15,heterogeneous,0.0012660647989884974,0.18422140573078882,0.7563708740305802,0.0,1.0,0.0,False,0.1506475399057399,False
2026,effective,effective,8,18,heterogeneous,0.05029141236735719,0.19461206760162988,0.750552728319865,0.999999999999993,6.759904773291712e-15,0.0,False,0.037881387757638066,False
2026,effective,effective,8,7,benign,-0.10316238892010143,0.20612129565365953,0.7584849109826838,0.0,9.188508252633318e-09,0.9999999908114915,True,1.3842261636627983e-09,False
2026,effective,effective,8,6,benign,-0.03497936438919561,0.19091724514911645,0.7574783867331777,0.0,1.0,0.0,False,0.1506475399057399,False
2026,effective,effective,8,10,benign,0.077310742895262,0.19556126041841423,0.7500763558384222,1.0,9.142340399654153e-19,0.0,False,0.0582333661272819,False
2026,effective,effective,8,4,benign,-0.040070362127014245,0.19716934371705364,0.7536637391101445,0.0,3.515765741456697e-08,0.9999999648423425,True,5.29641459835331e-09,False
2026,effective,effective,8,19,heterogeneous,-0.06911560601089112,0.1840243049877809,0.7566144656477793,0.0,1.0,0.0,False,0.1506475399057399,False
2026,effective,effective,8,8,benign,0.019753565491463197,0.19008342809087672,0.7602688620742475,0.0,1.0,0.0,False,0.1506475399057399,False
2026,effective,raw,9,5,benign,0.03579984682781777,0.5960976227188672,0.798244896587414,3.7654602732912814e-14,0.0,0.9999999999999624,True,1.964451889920215e-15,False
2026,effective,raw,9,19,heterogeneous,-0.006171825713484188,0.5241663948296904,0.7955373693972402,2.7380862259638945e-52,1.0,8.324616641664489e-238,False,0.2914554323467972,False
2026,effective,raw,9,7,benign,0.03131356591120616,0.618692597783798,0.8000808114687834,5.92379384894603e-31,0.0,1.0,True,2.7031778615341214e-32,False
2026,effective,raw,9,13,benign,0.016239616987664348,0.5542359357335973,0.7927803882142445,1.0,0.0,0.0,False,0.023665622951430525,False
2026,effective,raw,9,9,benign,0.04840777616058589,0.5464029112452056,0.7964455652846973,1.0,0.0,0.0,False,0.07054354664915272,False
2026,effective,raw,9,16,heterogeneous,-0.007153138599016587,0.5800990550201742,0.7924170959741518,1.0,0.0,0.0,False,0.0,False
2026,effective,raw,9,3,benign,-0.060528807538684254,0.5533883359441065,0.7930193410832217,8.08287858343534e-76,1.0,0.0,False,0.2914554323467972,False
2026,effective,raw,9,10,benign,0.02156386868894027,0.566303229083753,0.7934612922928757,1.0,0.0,0.0,False,0.03142453335902324,False
2026,effective,raw,9,14,benign,-0.0502120729408857,0.5945792368331017,0.8008839735536476,1.5920872713586043e-132,0.0,1.0,True,0.0,False
2026,effective,raw,9,15,heterogeneous,-0.022644907892163942,0.5288945196957979,0.7903043562939474,5.445306516999143e-29,1.0,0.0,False,0.2914554323467972,False
2026,effective,effective,9,5,benign,0.059264814307179024,0.2105369780588281,0.7577343314289141,0.0,2.869307948307543e-22,1.0,True,4.0990113547116026e-23,False
2026,effective,effective,9,19,heterogeneous,-0.010993472365399526,0.180641580432201,0.7539660265820495,0.0,1.0,0.0,False,0.14285714285667378,False
2026,effective,effective,9,7,benign,0.03054730355151098,0.2204468995468585,0.7544648459087361,0.0,2.298577976961046e-11,0.9999999999770139,True,3.2836828242192837e-12,False
2026,effective,effective,9,13,benign,0.04478974239300237,0.18499091897121786,0.7529800863898392,0.0,1.0,0.0,False,0.14285714285667378,False
2026,effective,effective,9,9,benign,0.06681525452149686,0.18812897021449093,0.751638121548044,0.0,1.0,0.0,False,0.14285714285667378,False
2026,effective,effective,9,16,heterogeneous,0.012341771714307354,0.1936326822198479,0.7527269771877525,0.0,1.0,0.0,False,0.14285714285667378,False
2026,effective,effective,9,3,benign,-0.03855352931704686,0.19161404658232778,0.741710055537086,1.0,2.450965469795213e-56,0.0,False,3.501379242553093e-57,False
2026,effective,effective,9,10,benign,0.02216538703760884,0.19970173573627423,0.7537877128518611,0.0,1.0,0.0,False,0.14285714285667378,False
2026,effective,effective,9,14,benign,-0.01934640555276523,0.20978456995172176,0.7510097758020229,0.0,1.0,0.0,False,0.14285714285667378,False
2026,effective,effective,9,15,heterogeneous,0.03540364706125128,0.17918732377407073,0.7534444219920241,0.0,1.0,0.0,False,0.14285714285667378,False
2026,effective,raw,10,6,benign,0.04299229041939908,0.568319555613138,0.7919198901799434,1.0,0.0,2.4605464431507425e-172,False,0.07062559171938478,False
2026,effective,raw,10,16,heterogeneous,0.07074147112291733,0.5990016433622534,0.8013243550493352,6.078721879682105e-14,0.0,0.9999999999999392,True,7.064116895345424e-15,False
2026,effective,raw,10,10,benign,0.039914726153477326,0.5511322189072184,0.7945417383963075,1.0,0.0,0.0,False,0.06556992254673044,False
2026,effective,raw,10,12,benign,0.12582828398618498,0.5545849496462667,0.7977953308387895,1.0,0.0,0.0,False,0.2067044329312873,False
2026,effective,raw,10,13,benign,-0.039774830202560424,0.5448634009569883,0.7858383402808437,3.838093948949217e-08,0.9999999616190606,0.0,False,0.32855001824624996,False
2026,effective,raw,10,11,benign,-0.07624497684832282,0.5197783568755523,0.7876983647868852,6.773301913773935e-15,0.999999999999993,2.6194048169751174e-34,False,0.3285500308563065,False
2026,effective,raw,10,15,heterogeneous,-0.02131363300338967,0.5540465856562631,0.7919990920278698,1.0,0.0,7.418930486926856e-140,False,0.0,False
2026,effective,raw,10,19,heterogeneous,0.00173249141509273,0.5788850167276761,0.7998248577720154,1.3000590863934577e-06,0.0,0.9999986999409136,True,3.7000338641275158e-09,False
2026,effective,raw,10,14,benign,0.04828424787963722,0.599350030887334,0.8027816369946246,1.1700544655437466e-15,0.0,0.9999999999999989,True,9.280749826481064e-17,False
2026,effective,raw,10,7,benign,-0.014676770353509264,0.5646138609976645,0.7963152084342704,0.9999999163909208,0.0,8.360907933665756e-08,False,0.0,False
2026,effective,effective,10,6,benign,0.007176568034777777,0.2020955964934414,0.7462722363794986,0.0,1.0,0.0,False,0.14706276705667856,False
2026,effective,effective,10,16,heterogeneous,0.08948912862575543,0.20339394692107407,0.7472065881219284,0.0,8.328409532314889e-10,0.9999999991671588,True,1.2247989510034458e-10,False
2026,effective,effective,10,10,benign,0.024516772031626236,0.19873108277345458,0.7495081081110094,0.0,1.0,0.0,False,0.14706276705667856,False
2026,effective,effective,10,12,benign,0.14878621004012613,0.19525071334335106,0.7544316416460953,1.0,1.3505525148371321e-41,0.0,False,0.10940455874188558,False
2026,effective,effective,10,13,benign,-0.04183420974696617,0.1929990284448683,0.7486695602922387,0.0,1.0,0.0,False,0.14706276705667856,False
2026,effective,effective,10,11,benign,-0.08692927171833423,0.18449720982226803,0.7512145419639051,0.0,1.0,0.0,False,0.14706276705667856,False
2026,effective,effective,10,15,heterogeneous,-0.02770722533518418,0.19389526042408267,0.7533551889460398,0.0,1.0,0.0,False,0.14706276705667856,False
2026,effective,effective,10,19,heterogeneous,0.01117716393680924,0.20167957431352537,0.754570480544515,0.9999991683602921,8.316397078604219e-07,0.0,False,0.008218838750186431,False
2026,effective,effective,10,14,benign,0.09328469235823875,0.21600456660867606,0.7517826862666137,0.0,3.085542862522657e-10,0.9999999996914459,True,4.5376847123456666e-11,False
2026,effective,effective,10,7,benign,-0.0162637005469149,0.1984438053124585,0.7492519547334495,0.0,1.0,0.0,False,0.14706276705667856,False
2027,raw,raw,1,7,benign,0.8596620293524354,1.4835354179538007,0.9047808199411591,0.0,0.0,1.0,True,0.0,False
2027,raw,raw,1,4,benign,0.8853383774936785,1.4180865422089086,0.9052004318918011,0.0,0.99999999508578,4.914219775689792e-09,False,0.07019753102654122,False
2027,raw,raw,1,2,benign,0.8585534206817117,1.4616480970933352,0.9031390854360081,0.0,0.0,1.0,True,0.0,False
2027,raw,raw,1,16,heterogeneous,0.8074334257691304,1.4309161000918897,0.8967072572207903,1.0,0.0,6.275294525955305e-63,False,0.2833991661791609,False
2027,raw,raw,1,6,benign,0.8643931701944109,1.435738260172448,0.9012550973200576,0.0,0.0,1.0,True,0.0,False
2027,raw,raw,1,19,heterogeneous,0.8249847823359336,1.415931206246069,0.9019629376940661,1.0,0.0,1.0293853750417155e-44,False,0.2895594756952143,False
2027,raw,raw,1,9,benign,0.863635549308003,1.4552419981797604,0.8989117268511709,0.0,0.0,1.0,True,0.0,False
2027,raw,raw,1,17,heterogeneous,0.816684843957795,1.4093977376780071,0.8981462220746756,1.0,0.0,1.7111001052702975e-56,False,0.2866462997718094,False
2027,raw,raw,1,11,benign,0.871011877568569,1.4548060625641335,0.905258438491022,0.0,0.0,1.0,True,0.0,False
2027,raw,raw,1,1,benign,0.8790411865653941,1.4140326302362312,0.9061753088868622,0.0,0.9999999423878182,5.7612181678875217e-08,False,0.0701975273272744,False
2027,raw,effective,1,7,benign,0.8097756706993363,0.9919689177039419,0.7480393467245708,1.0,0.0,0.0,False,0.17141630599844643,False
2027,raw,effective,1,4,benign,0.8425603258820547,0.9638579077517827,0.7506907929499769,1.0,0.0,0.0,False,0.17835628294292663,False
2027,raw,effective,1,2,benign,0.8139106227075278,0.9791967549653074,0.7479459639004101,1.0,0.0,0.0,False,0.17229160791769635,False
2027,raw,effective,1,16,heterogeneous,0.7393547182222768,0.9771748780210465,0.7472637763641155,0.0,1.0,0.0,False,0.04233673897621753,False
2027,raw,effective,1,6,benign,0.8100307491536525,0.9701550410939631,0.7458677154858055,2.8791950666658763e-16,0.0,1.0,True,4.936964474487946e-17,False
2027,raw,effective,1,19,heterogeneous,0.7427899721010089,0.9638404894229351,0.7483761723980753,0.0,1.0,0.0,False,0.04233673897621753,False
2027,raw,effective,1,9,benign,0.8163279356335841,0.984943047503552,0.7465376455408438,3.5959620031082783e-31,0.0,1.0,True,6.213941498950479e-32,False
2027,raw,effective,1,17,heterogeneous,0.7523956564147743,0.9530061737987416,0.745766503516738,1.836067e-318,1.0,0.0,False,0.04233673897621753,False
2027,raw,effective,1,11,benign,0.8257106596393007,0.986088793807556,0.749281429172415,1.0,0.0,0.0,False,0.17478948333514735,False
2027,raw,effective,1,1,benign,0.8320721299582106,0.9574545022969453,0.7488999334467055,1.0,0.0,0.0,False,0.17613610287713055,False
2027,raw,raw,2,1,benign,0.15516419749536042,0.5577550965068812,0.7882722204950677,5.574322588029941e-08,0.9999999442567742,0.0,False,0.13898353356341803,False
2027,raw,raw,2,18,heterogeneous,0.1859117726647409,0.5696265033408935,0.7957475774162305,1.0,0.0,0.0,False,0.12919337709438283,False
2027,raw,raw,2,10,benign,0.21631728137420358,0.5906216034475911,0.7993297684721976,1.0,0.0,0.0,False,0.15032270255959668,False
2027,raw,raw,2,12,benign,0.21998647485150036,0.5872342546607008,0.7834161602042815,1.0,0.0,0.0,False,0.15287248996547273,False
2027,raw,raw,2,11,benign,0.14613427055073522,0.5479029747462003,0.7788459284381942,1.88123972261143e-12,0.999999999998119,4.334568203975927e-81,False,0.13898353530015004,False
2027,raw,raw,2,13,benign,0.09432389086010264,0.5762992958001892,0.7864249462168527,4.501020018291434e-81,0.0,1.0,True,2.950298853225186e-82,False
2027,raw,raw,2,0,benign,0.11099563314488833,0.5958364573627162,0.7840665546403034,8.213786937894516e-98,0.0,1.0,True,6.335526108940681e-99,False
2027,raw,raw,2,19,heterogeneous,0.12254111550341076,0.5609062157273531,0.7879759420929322,3.9271869716733747e-28,1.0,0.0,False,0.1389835353002204,False
2027,raw,raw,2,3,benign,0.11880942470920032,0.5773433749296365,0.7833389948272245,1.4170567738443676e-55,0.0,1.0,True,1.169961315965196e-56,False
2027,raw,raw,2,9,benign,0.21680384786775586,0.5771644693281074,0.7884554447318346,1.0,0.0,0.0,False,0.1506608262167593,False
2027,raw,effective,2,1,benign,0.23529738971454717,0.18689486013351955,0.7598430012613124,1.0,0.0,2.041642527521977e-176,False,0.23253304287943374,False
2027,raw,effective,2,18,heterogeneous,0.23100441419907375,0.19417614105869196,0.7548724495271192,0.0,0.0,1.0,True,0.0,False
2027,raw,effective,2,10,benign,0.2642048039546531,0.19470274842289537,0.7544820793687631,0.0,0.0,1.0,True,0.0,False
2027,raw,effective,2,12,benign,0.26851314145297384,0.19641603422034223,0.7483400201429387,0.0,0.0,1.0,True,0.0,False
2027,raw,effective,2,11,benign,0.15221928555535177,0.18928638265192838,0.7444806445055148,0.0,1.0,0.0,False,0.19765033786522918,False
2027,raw,effective,2,13,benign,0.11374385156730273,0.18691800289716254,0.7532437268410249,0.0,1.0,0.0,False,0.19765033786522918,False
2027,raw,effective,2,0,benign,0.1522909180709359,0.19645294784717196,0.750983503408665,0.0,0.0,1.0,True,0.0,False
2027,raw,effective,2,19,heterogeneous,0.17659058457453777,0.19069629067925403,0.7604034908140255,1.0,0.0,2.6315787166620515e-30,False,0.17451594352487862,False
2027,raw,effective,2,3,benign,0.1453822646270569,0.18916189469521222,0.7465941116484416,0.0,1.0,0.0,False,0.19765033786522918,False
2027,raw,effective,2,9,benign,0.2797079305660358,0.1935473958512851,0.7564815670378982,0.0,0.0,1.0,True,0.0,False
2027,raw,raw,3,14,benign,-0.00494742923867815,0.6079819327663,0.8004541726117252,1.0468131756276357e-06,0.0,0.9999989531868245,True,0.0,False
2027,raw,raw,3,9,benign,0.05752164110226561,0.525797692760073,0.7849962790781346,2.6997180634955213e-39,1.0,0.0,False,0.20350570987051633,False
2027,raw,raw,3,18,heterogeneous,0.09843400898791801,0.581445538900753,0.8001433044933679,1.0,0.0,1.2970176416428635e-222,False,0.10015941437243521,False
2027,raw,raw,3,1,benign,0.05120953207202998,0.567861312940598,0.7919154424574963,1.0,0.0,0.0,False,0.052107160882277175,False
2027,raw,raw,3,10,benign,0.027689020773681162,0.64491673386519,0.7979152367337621,0.0,0.0,1.0,True,0.0,False
2027,raw,raw,3,12,benign,0.12495749034724088,0.5401648363815396,0.7898377925832895,1.0,0.0,0.0,False,0.12714781388376725,False
2027,raw,raw,3,5,benign,0.10812808498735858,0.5763214453970512,0.7984491152535678,1.0,0.0,6.525413207737555e-23,False,0.11002341346145963,False
2027,raw,raw,3,17,heterogeneous,0.03698352253436797,0.5944277197717874,0.7995534109268239,0.0011975988511467818,0.0,0.9988024011488532,True,4.506778851172723e-05,False
2027,raw,raw,3,7,benign,-0.04671066095334897,0.5781297393390761,0.7834902342536207,8.177645880864566e-29,1.0,0.0,False,0.20350570987051633,False
2027,raw,raw,3,19,heterogeneous,-0.029354218328063925,0.5298588906258611,0.7859990685687817,2.7206017581677344e-217,1.0,0.0,False,0.20350570987051633,False
2027,raw,effective,3,14,benign,0.033751891967430614,0.20203086652820482,0.7526695300803249,0.0,0.0,1.0,True,0.0,False
2027,raw,effective,3,9,benign,0.08545912311612935,0.17189489189644358,0.7535583457102117,0.0,0.9999986568594063,1.3431405933571492e-06,False,0.24430722175684574,False
2027,raw,effective,3,18,heterogeneous,0.12308513816341547,0.19800179484643782,0.7500066559035612,0.9999999999948406,0.0,5.159406039601189e-12,False,0.15035314266594127,False
2027,raw,effective,3,1,benign,0.07505153012286306,0.19178351140358316,0.7532030801902201,0.0,0.0,1.0,True,0.0,False
2027,raw,effective,3,10,benign,0.01308583577394756,0.2163542457389522,0.7530100219957239,0.0,0.0,1.0,True,0.0,False
2027,raw,effective,3,12,benign,0.1639274669741227,0.1804860096642932,0.7544501519764172,0.9999999999628468,0.0,3.715315753983075e-11,False,0.20024358907827844,False
2027,raw,effective,3,5,benign,0.13162794551409107,0.19517061455769213,0.7561495483656839,0.9999999519397423,0.0,4.8060257767026795e-08,False,0.1607884966045755,False
2027,raw,effective,3,17,heterogeneous,0.049191803909027554,0.19992340964095187,0.760462748775368,0.0,0.0,1.0,True,0.0,False
2027,raw,effective,3,7,benign,-0.019637726198650684,0.1959379339634576,0.7394964500670532,0.0,0.0,1.0,True,0.0,False
2027,raw,effective,3,19,heterogeneous,0.009189647336070883,0.17730503531690364,0.7532859101571107,0.0,0.9999999999923279,7.672224445866345e-12,False,0.24430754989435902,False
2027,raw,raw,4,4,benign,0.06559692734521029,0.5359619699884147,0.7843714116164822,1.3244601934825227e-14,0.9999999999999867,0.0,False,0.17097697956465144,False
2027,raw,raw,4,14,benign,0.07191729689509926,0.6343221553239837,0.7888991210065209,0.0,4.220790103061802e-17,1.0,True,7.216579431978873e-18,False
2027,raw,raw,4,8,benign,-0.008228380571846479,0.5408618921534096,0.7957736662995614,0.0,1.0,0.0,False,0.17097697956465296,False
2027,raw,raw,4,11,benign,0.032068677937977116,0.5162125264443821,0.784767042272903,0.0,1.0,0.0,False,0.17097697956465296,False
2027,raw,raw,4,7,benign,0.05945810343858529,0.5772154781711095,0.8006672085000242,0.9999999999998619,1.3816346257931184e-13,0.0,False,0.05082983468287671,False
2027,raw,raw,4,1,benign,0.0887555193670073,0.5102994105942298,0.7851341605328119,0.0,1.0,0.0,False,0.17097697956465296,False
2027,raw,raw,4,3,benign,0.027840861781523157,0.5623538463431842,0.7858550799103208,0.0,1.0,0.0,False,0.17097697956465296,False
2027,raw,raw,4,19,heterogeneous,0.06117918932638467,0.5677908359413545,0.7966545701841534,0.9999999952639874,4.736012650082012e-09,0.0,False,0.052301165578246704,False
2027,raw,raw,4,17,heterogeneous,0.04905312547774802,0.5326773564135246,0.7940485178642892,0.9996177563846035,0.00038224361539655077,0.0,False,0.04198410172032379,False
2027,raw,raw,4,12,benign,0.08054507241129832,0.5804506118960328,0.7902755417444395,3.3498755814292926e-50,1.1421978640682678e-09,0.9999999988578026,True,1.9528954086359052e-10,False
2027,raw,effective,4,4,benign,0.064131569870202,0.17644342001792124,0.7492646187342893,0.9990828803847828,0.0,0.0009171196152175647,False,0.09001222696930514,False
2027,raw,effective,4,14,benign,0.11438264695546807,0.22057154405202717,0.7279700380558124,3.6277516919775275e-66,0.0,1.0,True,5.8294262735028954e-67,False
2027,raw,effective,4,8,benign,-0.040262672364487335,0.1791313009504812,0.754787773193181,4.5177792629640355e-10,0.9999999911082124,8.440009932211018e-09,False,0.280968808682051,False
2027,raw,effective,4,11,benign,0.011293787408635368,0.17177584431734078,0.7514653917049402,1.8756703647176058e-08,0.9999658356032098,3.414564008658481e-05,False,0.2809592123480092,False
2027,raw,effective,4,7,benign,0.05938944117114268,0.1998802748809536,0.7455389626321959,9.265679449767068e-13,0.0,0.9999999999990737,True,7.730625385846323e-14,False
2027,raw,effective,4,1,benign,0.13057372797247765,0.1734512126824717,0.7482177992328819,0.9999999999999988,0.0,1.3702027816464315e-15,False,0.18343572559907748,False
2027,raw,effective,4,3,benign,0.031146275112960475,0.19102995161455577,0.7370964581372315,1.4029987492339352e-10,0.0,0.9999999998597002,True,6.138913548856965e-12,False
2027,raw,effective,4,19,heterogeneous,0.051520067761796226,0.18481303377444003,0.7577267986163096,0.9613754059875665,0.0,0.03862459401243349,False,0.06958210318486947,False
2027,raw,effective,4,17,heterogeneous,0.0677111211473431,0.1756321055441939,0.7591573993841912,0.9991417179189077,0.0,0.0008582820810923761,False,0.09504192321005277,False
2027,raw,effective,4,12,benign,0.09113255308364102,0.19681430573577305,0.7434881614043269,3.2706375982677312e-12,0.0,0.9999999999967293,True,4.1873000319046594e-13,False
2027,raw,raw,5,2,benign,-0.0034764532281256547,0.5556179348431061,0.7937389571979732,0.0,1.0,5.6264408893456064e-74,False,0.17574661520748242,False
2027,raw,raw,5,17,heterogeneous,0.13666673759906225,0.5475102552147718,0.7992824206898894,0.0,8.461485894479028e-113,1.0,True,1.487077505580546e-113,False
2027,raw,raw,5,0,benign,0.07698737838191388,0.5637004838704124,0.7872842384879594,1.0,9.560072408325844e-81,0.0,False,0.06765135582159534,False
2027,raw,raw,5,18,heterogeneous,0.06101462389781473,0.5641463413691054,0.7914652984603178,1.0,3.0626793038309434e-41,0.0,False,0.05361556814099253,False
2027,raw,raw,5,19,heterogeneous,0.009995966996310324,0.5560139393246961,0.7938388509513561,0.0,1.0,1.899559441628073e-131,False,0.17574661520748242,False
2027,raw,raw,5,5,benign,0.06905711064691948,0.5979766843109579,0.7986751849714789,0.0,5.682217000564984e-43,1.0,True,9.986304047237093e-44,False
2027,raw,raw,5,4,benign,-0.018501825553957754,0.5419377748938982,0.7826190703808485,0.0,1.0,0.0,False,0.17574661520748242,False
2027,raw,raw,5,7,benign,0.006906434696151208,0.5792111275928499,0.7966159155798367,0.0,1.0,1.1861321970693186e-54,False,0.17574661520748242,False
2027,raw,raw,5,10,benign,0.08928596609287026,0.5624891303376155,0.7981348726861589,0.0,7.656750494606984e-50,1.0,True,1.3456479829153944e-50,False
2027,raw,raw,5,6,benign,0.025548523809423587,0.5401641642022718,0.7974266120342227,0.0,1.0,0.0,False,0.17574661520748242,False
2027,raw,effective,5,2,benign,0.00961983916259917,0.18354728731874267,0.757635427875652,1.0,0.0,3.838164866617534e-16,False,0.0406328050831967,False
2027,raw,effective,5,17,heterogeneous,0.1701273905575232,0.18526341370016552,0.7632307836812875,0.0,0.9999999999999165,8.264948180455823e-14,False,0.8447709862170875,False
2027,raw,effective,5,0,benign,0.06464551273190294,0.1842115847583523,0.7526680633912923,0.0,0.0,1.0,True,0.0,False
2027,raw,effective,5,18,heterogeneous,0.04796232505835263,0.19127520689195793,0.750019397477509,0.0,0.0,1.0,True,0.0,False
2027,raw,effective,5,19,heterogeneous,0.027130716648691204,0.18835590384195341,0.7566781793916156,0.9999999773050984,0.0,2.269490141602115e-08,False,0.11459620869971594,False
2027,raw,effective,5,5,benign,0.049821677264765885,0.19982721072806092,0.7564328069798755,0.0,0.0,1.0,True,0.0,False
2027,raw,effective,5,4,benign,0.011953812920375503,0.1843919214105666,0.7494087288602903,0.0,0.0,1.0,True,0.0,False
2027,raw,effective,5,7,benign,0.008535051976996465,0.19955207095996422,0.7538358177880407,0.0,0.0,1.0,True,0.0,False
2027,raw,effective,5,10,benign,0.09366521939164653,0.18997565018756454,0.7554835129800141,0.0,0.0,1.0,True,0.0,False
2027,raw,effective,5,6,benign,0.050487129141586796,0.18779893669577297,0.7518024651792772,0.0,0.0,1.0,True,0.0,False
2027,raw,raw,6,15,heterogeneous,0.04989066571119136,0.5880328010699367,0.7923503534071269,1.0,3.8790315046362146e-45,0.0,False,0.04653469316469736,False
2027,raw,raw,6,8,benign,0.008007366377352772,0.5149633010437323,0.7959808284961452,1.0,5.6422606135124324e-46,0.0,False,0.007468738532864279,False
2027,raw,raw,6,2,benign,0.06395103438071952,0.5306905071701407,0.784165902551728,0.0,1.0,0.0,False,0.18654669165602578,False
2027,raw,raw,6,1,benign,0.06723398255222543,0.543301940445101,0.7937759425355103,0.0030896892380660166,0.996910310761934,0.0,False,0.18616407904194307,False
2027,raw,raw,6,12,benign,0.13463586344645873,0.6151908889015241,0.7997911004089056,0.0,1.4017499224718399e-143,1.0,True,2.614918105662124e-144,False
2027,raw,raw,6,16,heterogeneous,0.04126048604776823,0.5345820249541968,0.7850280635794975,0.0,1.0,0.0,False,0.18654669165602578,False
2027,raw,raw,6,0,benign,0.07640210586449915,0.535094556272596,0.786611389961436,0.0,1.0,0.0,False,0.18654669165602578,False
2027,raw,raw,6,6,benign,0.014629820036212257,0.5737507828140933,0.7935956397204597,1.0,1.3832311995016386e-16,0.0,False,0.013645722636392205,False
2027,raw,raw,6,17,heterogeneous,0.061872470471553455,0.6009274155968942,0.8004449009651047,0.0,5.474096076799159e-59,1.0,True,1.0211745129341129e-59,False
2027,raw,raw,6,13,benign,0.07974790523203777,0.5274541752048721,0.7885748502367722,0.0,1.0,0.0,False,0.18654669165602578,False
2027,raw,effective,6,15,heterogeneous,0.046211053715835046,0.18380888278480376,0.7558580331424586,1.0,0.0,0.0,False,0.06722107943053894,False
2027,raw,effective,6,8,benign,-0.0018389649946739053,0.16983046753525832,0.7569560535040258,1.0,0.0,0.0,False,0.0,False
2027,raw,effective,6,2,benign,0.058403048254341394,0.18343788183559878,0.7489109521733741,1.2175586823900496e-11,0.9999999999878249,0.0,False,0.2909307363702249,False
2027,raw,effective,6,1,benign,0.06977857954432597,0.18147112542877672,0.7533453637332378,1.0,0.0,0.0,False,0.10150366764937024,False
2027,raw,effective,6,12,benign,0.1726435321712605,0.20360577153378395,0.7549133570815074,6.533032282662736e-13,0.0,0.9999999999993463,True,1.640683186696057e-13,False
2027,raw,effective,6,16,heterogeneous,0.03173122712857143,0.17528570957346573,0.7466232659265395,2.473035352460442e-25,1.0,0.0,False,0.2909307363727326,False
2027,raw,effective,6,0,benign,0.07333934425833812,0.18607092408325093,0.7535111329234043,1.0,0.0,0.0,False,0.10668334715085823,False
2027,raw,effective,6,6,benign,0.02565216426412333,0.1979113929815682,0.7540792180594588,1.0,0.0,0.0,False,0.03731501519457848,False
2027,raw,effective,6,17,heterogeneous,0.08568515348138599,0.20888430520153298,0.7589129811974321,3.09313304465549e-18,0.0,1.0,True,3.855349817913301e-19,False
2027,raw,effective,6,13,benign,0.07246770770653627,0.17648187808046092,0.7566201912427146,1.0,0.0,0.0,False,0.10541541783153272,False
2027,raw,raw,7,18,heterogeneous,0.012371169073723558,0.5846811791245045,0.7996336685263885,0.0,7.032907213505461e-21,1.0,True,1.4306252805822078e-21,False
2027,raw,raw,7,12,benign,0.1831934753835865,0.5401331952458812,0.7965319288965641,1.0,9.382210373275665e-84,9.1936616630716e-46,False,0.18632495009900907,False
2027,raw,raw,7,9,benign,-0.02512648992820572,0.5132107169322614,0.7862214406061007,0.0,1.0,4.561040164766065e-91,False,0.2034187622772761,False
2027,raw,raw,7,3,benign,0.0006199158786931347,0.5893604373790109,0.792943601651645,0.0,6.508723294526931e-10,0.9999999993491278,True,1.3239964365779432e-10,False
2027,raw,raw,7,11,benign,-0.030512467612152226,0.4980893811630571,0.7812583972014387,0.0,1.0,1.8331733375079655e-151,False,0.2034187622772761,False
2027,raw,raw,7,0,benign,-0.008431080758173814,0.5240088076204543,0.7828278126589845,0.0,1.0,4.493121014134779e-89,False,0.2034187622772761,False
2027,raw,raw,7,14,benign,-0.047568362199579196,0.5672276393061576,0.8011913024641698,0.0,1.1913018651949846e-14,0.9999999999999881,True,2.4233315091657417e-15,False
2027,raw,raw,7,10,benign,0.037814905923647814,0.5721385159860923,0.8000747791551405,0.0,7.880427374767937e-29,1.0,True,1.6030267827912582e-29,False
2027,raw,raw,7,2,benign,-0.05451717625185125,0.5722848094485298,0.7988204674487974,0.0,3.2420039278731244e-09,0.9999999967579961,True,6.594844263060185e-10,False
2027,raw,raw,7,8,benign,-0.06364293989528753,0.5420277660859931,0.7879714857408263,0.0,1.0,3.5548924486626244e-35,False,0.2034187622772761,False
2027,raw,effective,7,18,heterogeneous,0.011714680517915585,0.20487696752459073,0.7425422305909067,3.867071155362328e-17,0.0,1.0,True,1.7659561973436096e-18,False
2027,raw,effective,7,12,benign,0.18495496121118749,0.1818284179184041,0.7546910451268372,3.729229717252509e-14,0.9999999999999627,0.0,False,0.7796457404365954,False
2027,raw,effective,7,9,benign,-0.020285922893032115,0.17283917836321241,0.7490730984258785,1.0,0.0,0.0,False,0.0,False
2027,raw,effective,7,3,benign,-0.02194588970418747,0.19863214308049448,0.7455159816530188,1.3860356047867896e-10,0.0,0.9999999998613962,True,0.0,False
2027,raw,effective,7,11,benign,-0.029532452193346853,0.16762037936066695,0.7476557643023874,1.0,0.0,0.0,False,0.0,False
2027,raw,effective,7,0,benign,-0.017104604387321802,0.18231345293079124,0.7548373764145241,1.0,0.0,0.0,False,0.0,False
2027,raw,effective,7,14,benign,-0.05881700142076771,0.19704194662505126,0.7575051641288577,1.0,0.0,0.0,False,0.0,False
2027,raw,effective,7,10,benign,0.056526765461453694,0.1968378926938014,0.7543396462688412,1.0,0.0,0.0,False,0.22035425956340474,False
2027,raw,effective,7,2,benign,-0.04222699910747701,0.19260265250133193,0.7511726492776515,1.0,0.0,0.0,False,0.0,False
2027,raw,effective,7,8,benign,-0.07032000522735153,0.185933355520343,0.7544262443322836,1.0,0.0,0.0,False,0.0,False
2027,raw,raw,8,18,heterogeneous,0.13600156757751525,0.5789884016200002,0.793474623765129,0.0,5.876282968715409e-45,1.0,True,9.096193938007838e-46,False
2027,raw,raw,8,2,benign,-0.011926255685655933,0.5411147390358528,0.7902297266313925,0.0,1.0,8.416765474443531e-44,False,0.15479502921208577,False
2027,raw,raw,8,10,benign,0.22403802577077722,0.532565607602585,0.7943824528221679,1.0,3.0832021807852174e-18,0.0,False,0.1733998637190274,False
2027,raw,raw,8,8,benign,0.07279073767999401,0.5167515866769955,0.7921054343101092,0.0,1.0,0.0,False,0.15479502921208577,False
2027,raw,raw,8,3,benign,0.09065820341774991,0.5268430803700552,0.7921453224795065,0.0,1.0,0.0,False,0.15479502921208577,False
2027,raw,raw,8,6,benign,0.16003501901530856,0.5783323927260499,0.7984501435507093,0.0,5.124336638116347e-55,1.0,True,7.932218395897813e-56,False
2027,raw,raw,8,13,benign,0.052457636827809066,0.5282450531742179,0.7877484236790566,0.0,1.0,0.0,False,0.15479502921208577,False
2027,raw,raw,8,14,benign,0.05427748870405795,0.5607096649055208,0.791291200747213,0.0,6.6814944074746445e-12,0.9999999999933185,True,1.0342621219854254e-12,False
2027,raw,raw,8,12,benign,0.1083189302200667,0.5506561099702701,0.7990696848244817,1.0,6.830937388422681e-18,0.0,False,0.08383615983818551,False
2027,raw,raw,8,9,benign,0.15967419654552187,0.527970361659946,0.8010013072574452,0.9999999999997498,2.502338087514946e-13,0.0,False,0.12358385959340971,False
2027,raw,effective,8,18,heterogeneous,0.13612061181449414,0.196952718872837,0.7493656008834895,0.0,2.5504489359330884e-13,0.999999999999745,True,4.1926138960015347e-14,False
2027,raw,effective,8,2,benign,0.01663907007436986,0.19155454796262644,0.7439118781736017,1.0,2.014225381335067e-35,3.271850256363576e-262,False,0.013676258212326065,False
2027,raw,effective,8,10,benign,0.2733364667183109,0.18337089105056645,0.7490796126692247,0.0,1.0,0.0,False,0.1643872902896468,False
2027,raw,effective,8,8,benign,0.08664654812081296,0.17454536509271182,0.7549595673940873,0.0,1.0,0.0,False,0.1643872902896468,False
2027,raw,effective,8,3,benign,0.10727544013979343,0.1804452239589865,0.751934392804099,0.0,1.0,0.0,False,0.1643872902896468,False
2027,raw,effective,8,6,benign,0.20915912413236293,0.19855055524773974,0.7494654350470095,0.0,2.9969979312815074e-10,0.9999999997003002,True,4.926683689270442e-11,False
2027,raw,effective,8,13,benign,0.06369521516964406,0.17630046695901003,0.756531619072965,0.0,1.0,0.0,False,0.1643872902896468,False
2027,raw,effective,8,14,benign,0.10505187786723602,0.19626143137823773,0.751318483144001,0.0,2.9461022627936146e-12,0.999999999997054,True,4.843017678968393e-13,False
2027,raw,effective,8,12,benign,0.14279465438443342,0.18589232328951857,0.7563449699500698,0.0,1.0,0.0,False,0.1643872902896468,False
2027,raw,effective,8,9,benign,0.1889182459269102,0.17743925212573064,0.7524497795414096,0.0,1.0,0.0,False,0.1643872902896468,False
2027,raw,raw,9,4,benign,-0.06651394072046883,0.5459793234627588,0.8032580494822364,1.0,6.59276678748741e-147,0.0,False,1.3185531841409346e-147,False
2027,raw,raw,9,9,benign,-0.008317528719881577,0.576717181146662,0.7947383396924514,0.0,1.7201789092857866e-11,0.9999999999827982,True,3.4403573662511948e-12,False
2027,raw,raw,9,7,benign,-0.09345519647656664,0.574256687546268,0.796844871070276,1.0,1.5081416925049314e-65,0.0,False,3.0162829884445883e-66,False
2027,raw,raw,9,1,benign,-0.040572589186839814,0.5422612849939162,0.7872067131019734,0.0,1.0,0.0,False,0.1999999737050387,False
2027,raw,raw,9,0,benign,0.026317474798124057,0.5496613478967491,0.7933078928894614,0.0,1.0,0.0,False,0.1999999737050387,False
2027,raw,raw,9,6,benign,0.06652877207142241,0.5681510551687927,0.8023517473008991,0.0,3.459105240730857e-16,0.9999999999999997,True,6.91820957189133e-17,False
2027,raw,raw,9,12,benign,0.05841038923315022,0.5442948905300686,0.7960504758633976,0.0,1.0,0.0,False,0.1999999737050387,False
2027,raw,raw,9,5,benign,0.014152274728575935,0.531765973548994,0.7907579283265005,0.0,1.0,0.0,False,0.1999999737050387,False
2027,raw,raw,9,17,heterogeneous,0.09273199758454372,0.5459266928483814,0.7966770965503845,0.0,1.0,0.0,False,0.1999999737050387,False
2027,raw,raw,9,18,heterogeneous,0.06801145353306877,0.5693784718711934,0.7960109362140416,0.0,6.573569168617656e-07,0.9999993426430832,True,1.3147136608717843e-07,False
2027,raw,effective,9,4,benign,-0.043430237635052264,0.1893027792596166,0.7615907646802782,0.0,1.0,0.0,False,0.12976337441535457,False
2027,raw,effective,9,9,benign,0.002631436646117491,0.1946796306373712,0.7542000703328408,0.0,1.0,0.0,False,0.12976337441535457,False
2027,raw,effective,9,7,benign,-0.10955934659241379,0.20440246110588872,0.7471257969829943,0.0,2.783761151709616e-17,1.0,True,3.612302406122136e-18,False
2027,raw,effective,9,1,benign,-0.007885331332296073,0.19188744292910428,0.7477287933672911,0.0,1.0,0.0,False,0.12976337441535457,False
2027,raw,effective,9,0,benign,0.01761008591826821,0.1913318011987285,0.7552334952983982,0.0,1.0,0.0,False,0.12976337441535457,False
2027,raw,effective,9,6,benign,0.0755360442334418,0.2015821874138187,0.7473275247630344,0.9999999935844476,6.415552303949475e-09,0.0,False,0.049009060466677995,False
2027,raw,effective,9,12,benign,0.0760793386244303,0.188926418275525,0.7549311333021197,0.0,1.0,0.0,False,0.12976337441535457,False
2027,raw,effective,9,5,benign,-0.022181577827229165,0.18826487362413227,0.7547529931285293,0.0,1.0,0.0,False,0.12976337441535457,False
2027,raw,effective,9,17,heterogeneous,0.11436019058031202,0.19264930985687806,0.7548365683022616,0.0,1.0,0.0,False,0.12976337441535457,False
2027,raw,effective,9,18,heterogeneous,0.06572402170412213,0.19543296836291044,0.7467520952638822,0.999948755546298,5.1244453701782916e-05,0.0,False,0.042647318625839994,False
2027,raw,raw,10,17,heterogeneous,0.07504243124603875,0.5900563239472166,0.8099736332854375,1.0,9.206164551720029e-22,0.0,False,0.049886484860219994,False
2027,raw,raw,10,16,heterogeneous,-0.029360416538511222,0.6726036273155914,0.7951019001024141,1.8579170949397712e-146,8.328800960581926e-29,1.0,True,1.1073591197001327e-29,False
2027,raw,raw,10,15,heterogeneous,0.0851240511195109,0.5563135927175445,0.7978791442910126,0.0,1.0,0.0,False,0.13295540677955672,False
2027,raw,raw,10,2,benign,0.02353487919301835,0.5664659059818423,0.7921763109712248,0.0,1.0,0.0,False,0.13295540677955672,False
2027,raw,raw,10,0,benign,0.00599584353295053,0.5305403182455595,0.7895892743049759,0.0,1.0,0.0,False,0.13295540677955672,False
2027,raw,raw,10,4,benign,0.007588944572141665,0.5485295339139828,0.790800505576874,0.0,1.0,0.0,False,0.13295540677955672,False
2027,raw,raw,10,6,benign,0.05673916281258536,0.5987784000481288,0.7948404451351564,0.0,1.0,0.0,False,0.13295540677955672,False
2027,raw,raw,10,5,benign,0.0570616446304977,0.5520532236046435,0.796169898696729,0.0,1.0,0.0,False,0.13295540677955672,False
2027,raw,raw,10,3,benign,0.0337724141500589,0.5560861939711844,0.789089880128167,0.0,1.0,0.0,False,0.13295540677955672,False
2027,raw,raw,10,18,heterogeneous,0.029221327892428255,0.6251658760052305,0.8026799024708017,1.0,1.4145637232174679e-18,0.0,False,0.01942566768288303,False
2027,raw,effective,10,17,heterogeneous,0.08684471949649294,0.20383803872234726,0.7618264674778281,0.0,1.0,0.0,False,0.13549842409838694,False
2027,raw,effective,10,16,heterogeneous,-0.07308406378944843,0.22652599192411926,0.7575986223724244,0.0,4.833667830436072e-27,1.0,True,6.549543736391568e-28,False
2027,raw,effective,10,15,heterogeneous,0.08640923432582656,0.19287499879876682,0.7514175219654908,0.0,1.0,0.0,False,0.13549842409838694,False
2027,raw,effective,10,2,benign,0.03810431276577948,0.19998990485317833,0.7518399337273965,0.0,1.0,0.0,False,0.13549842409838694,False
2027,raw,effective,10,0,benign,-0.0027313073176925213,0.18959462751909342,0.7489144145875396,0.0,1.0,0.0,False,0.13549842409838694,False
2027,raw,effective,10,4,benign,0.0012609349647896065,0.19204322350972014,0.7451884786040835,0.0,1.0,0.0,False,0.13549842409838694,False
2027,raw,effective,10,6,benign,0.050058084858235465,0.21542369402351952,0.739602023289725,0.999999999999944,5.5788875242470784e-14,0.0,False,0.03391395805837681,False
2027,raw,effective,10,5,benign,0.027081793761891775,0.19572019478777886,0.746954947268716,0.0,1.0,0.0,False,0.13549842409838694,False
2027,raw,effective,10,3,benign,0.009799110362987234,0.1993382518361825,0.7440773599998532,0.0,1.0,0.0,False,0.13549842409838694,False
2027,raw,effective,10,18,heterogeneous,0.025973841938351012,0.22023465148677152,0.7490892646521479,0.9999999999933955,6.604878091967359e-12,0.0,False,0.017597073252914503,False
2027,effective,raw,1,7,benign,0.8596620293524354,1.4835354179538007,0.9047808199411591,0.0,0.0,1.0,True,0.0,False
2027,effective,raw,1,4,benign,0.8853383774936785,1.4180865422089086,0.9052004318918011,0.0,0.99999999508578,4.914219775689792e-09,False,0.07019753102654122,False
2027,effective,raw,1,2,benign,0.8585534206817117,1.4616480970933352,0.9031390854360081,0.0,0.0,1.0,True,0.0,False
2027,effective,raw,1,16,heterogeneous,0.8074334257691304,1.4309161000918897,0.8967072572207903,1.0,0.0,6.275294525955305e-63,False,0.2833991661791609,False
2027,effective,raw,1,6,benign,0.8643931701944109,1.435738260172448,0.9012550973200576,0.0,0.0,1.0,True,0.0,False
2027,effective,raw,1,19,heterogeneous,0.8249847823359336,1.415931206246069,0.9019629376940661,1.0,0.0,1.0293853750417155e-44,False,0.2895594756952143,False
2027,effective,raw,1,9,benign,0.863635549308003,1.4552419981797604,0.8989117268511709,0.0,0.0,1.0,True,0.0,False
2027,effective,raw,1,17,heterogeneous,0.816684843957795,1.4093977376780071,0.8981462220746756,1.0,0.0,1.7111001052702975e-56,False,0.2866462997718094,False
2027,effective,raw,1,11,benign,0.871011877568569,1.4548060625641335,0.905258438491022,0.0,0.0,1.0,True,0.0,False
2027,effective,raw,1,1,benign,0.8790411865653941,1.4140326302362312,0.9061753088868622,0.0,0.9999999423878182,5.7612181678875217e-08,False,0.0701975273272744,False
2027,effective,effective,1,7,benign,0.8097756706993363,0.9919689177039419,0.7480393467245708,1.0,0.0,0.0,False,0.17141630599844643,False
2027,effective,effective,1,4,benign,0.8425603258820547,0.9638579077517827,0.7506907929499769,1.0,0.0,0.0,False,0.17835628294292663,False
2027,effective,effective,1,2,benign,0.8139106227075278,0.9791967549653074,0.7479459639004101,1.0,0.0,0.0,False,0.17229160791769635,False
2027,effective,effective,1,16,heterogeneous,0.7393547182222768,0.9771748780210465,0.7472637763641155,0.0,1.0,0.0,False,0.04233673897621753,False
2027,effective,effective,1,6,benign,0.8100307491536525,0.9701550410939631,0.7458677154858055,2.8791950666658763e-16,0.0,1.0,True,4.936964474487946e-17,False
2027,effective,effective,1,19,heterogeneous,0.7427899721010089,0.9638404894229351,0.7483761723980753,0.0,1.0,0.0,False,0.04233673897621753,False
2027,effective,effective,1,9,benign,0.8163279356335841,0.984943047503552,0.7465376455408438,3.5959620031082783e-31,0.0,1.0,True,6.213941498950479e-32,False
2027,effective,effective,1,17,heterogeneous,0.7523956564147743,0.9530061737987416,0.745766503516738,1.836067e-318,1.0,0.0,False,0.04233673897621753,False
2027,effective,effective,1,11,benign,0.8257106596393007,0.986088793807556,0.749281429172415,1.0,0.0,0.0,False,0.17478948333514735,False
2027,effective,effective,1,1,benign,0.8320721299582106,0.9574545022969453,0.7488999334467055,1.0,0.0,0.0,False,0.17613610287713055,False
2027,effective,raw,2,1,benign,0.0896629497753519,0.5448394156110616,0.7830529237342356,0.9991550826342271,0.0,0.0008449173657729901,False,0.14889550124002163,False
2027,effective,raw,2,18,heterogeneous,0.14216811171505264,0.6016444563889088,0.7936053070872299,0.0,0.0,1.0,True,0.0,False
2027,effective,raw,2,10,benign,0.17793027311020038,0.5672787898432545,0.7894885346603756,0.0,0.0,1.0,True,0.0,False
2027,effective,raw,2,12,benign,0.17575271427678676,0.5757217055883517,0.7856882303940236,0.0,0.0,1.0,True,0.0,False
2027,effective,raw,2,11,benign,0.11778558210644567,0.5130904448704596,0.7749124328209868,0.999999910395049,0.0,8.960495109805311e-08,False,0.19576170795352585,False
2027,effective,raw,2,13,benign,-0.028008553465319396,0.550748990990332,0.7884891273698271,0.0,0.9999999999731345,2.6866464380537246e-11,False,0.33240354547396445,False
2027,effective,raw,2,0,benign,0.11481999508882268,0.5761183561629228,0.7794526281657597,0.9999987802871646,0.0,1.2197128354624432e-06,False,0.19083263453796837,False
2027,effective,raw,2,19,heterogeneous,0.09248317615414414,0.5668836961748488,0.7895206569776879,8.299676054156e-312,0.0,1.0,True,1.27573223623e-312,False
2027,effective,raw,2,3,benign,0.08011094549987444,0.5718208017412943,0.7869175363584009,0.992195017072871,0.0,0.007804982927128974,False,0.13210661079451974,False
2027,effective,raw,2,9,benign,0.19100517799943037,0.5885698002329581,0.7941552569234892,0.0,0.0,1.0,True,0.0,False
2027,effective,effective,2,1,benign,0.12795230210276007,0.1816649465411498,0.7596877155299355,0.0,1.0,8.866496476941787e-307,False,0.1592786506377197,False
2027,effective,effective,2,18,heterogeneous,0.16329120522017115,0.20427737141240104,0.7496401741586664,0.0,3.7902185662154415e-28,1.0,True,6.037008988488282e-29,False
2027,effective,effective,2,10,benign,0.21230501370155844,0.18893654110350996,0.7540423593973212,0.0,0.01512347921990928,0.9848765207800908,True,0.002408847363094744,False
2027,effective,effective,2,12,benign,0.22219215837393816,0.1959588457068022,0.7530207218004069,0.0,1.2126048935691755e-06,0.9999987873951065,True,1.93142071204394e-07,False
2027,effective,effective,2,11,benign,0.11362583685627774,0.1729685802222904,0.7488474453845423,0.0,1.0,0.0,False,0.1592786506377197,False
2027,effective,effective,2,13,benign,-0.04018970835582655,0.17574956887885362,0.763786776520211,0.0,1.0,0.0,False,0.1592786506377197,False
2027,effective,effective,2,0,benign,0.14105717085815744,0.18943876666542245,0.7526766208779372,0.0,1.5611429118341565e-05,0.9999843885708817,True,2.486567364495851e-06,False
2027,effective,effective,2,19,heterogeneous,0.1447429693888193,0.1868671381261533,0.7616342942947857,0.0,1.0,0.0,False,0.1592786506377197,False
2027,effective,effective,2,3,benign,0.11776781308735715,0.18471916503831465,0.7558804077490999,0.0,1.0,1.066087076519811e-71,False,0.1592786506377197,False
2027,effective,effective,2,9,benign,0.25263300391140764,0.19153136773012647,0.7650524853969849,0.9999999974009627,2.599037470402393e-09,0.0,False,0.20119521973887114,False
2027,effective,raw,3,14,benign,0.03076782630475002,0.6185104143874975,0.8011888914759441,1.1071568425672835e-10,0.0,0.9999999998892841,True,3.0672250929004526e-12,False
2027,effective,raw,3,9,benign,0.09914607899323698,0.518857176605334,0.785528196360539,0.0,1.0,3.0012923463146462e-30,False,0.18008174093697732,False
2027,effective,raw,3,18,heterogeneous,0.09916175776238148,0.6246327472002923,0.8045421679738246,3.2381494576692824e-120,0.0,1.0,True,2.8912176822412875e-121,False
2027,effective,raw,3,1,benign,0.13387623391297615,0.5668356087001227,0.7920285452969842,0.9999999539905388,0.0,4.600946129712934e-08,False,0.12054332081954022,False
2027,effective,raw,3,10,benign,0.09291871445749571,0.6177113008109655,0.7945551532247458,0.0,0.0,1.0,True,0.0,False
2027,effective,raw,3,12,benign,0.20135046207348606,0.5586964975108417,0.7944379850818412,0.9999999971121751,0.0,2.8878250243116757e-09,False,0.18129770821973493,False
2027,effective,raw,3,5,benign,0.1755447859742358,0.5862154785379033,0.8011619122100875,0.9990620167154634,0.0,0.0009379832845367634,False,0.15791379378928241,False
2027,effective,raw,3,17,heterogeneous,0.12239896904172605,0.5977459311794787,0.8024971899766629,3.8165896610619503e-34,0.0,1.0,True,4.2062290081256677e-35,False
2027,effective,raw,3,7,benign,0.030419599317292313,0.576226910255265,0.7870356841650247,2.9886951898646016e-07,0.9999997010878835,4.2597614473314155e-11,False,0.18008169529442064,False
2027,effective,raw,3,19,heterogeneous,0.018067587711574278,0.5419183543106708,0.7870841122564806,0.0,1.0,1.757768254359735e-24,False,0.18008174093697732,False
2027,effective,effective,3,14,benign,0.09114717705855123,0.20737821101979423,0.7525605519070336,2.2532968901103943e-06,0.0,0.9999977467031099,True,1.8254455952805001e-07,False
2027,effective,effective,3,9,benign,0.11255654404617142,0.17070147059309546,0.7516641561252191,2.053468034925e-18,1.0,0.0,False,0.17776131313320578,False
2027,effective,effective,3,18,heterogeneous,0.1469744740137413,0.211370028303105,0.7465363782147425,2.9438397499938196e-13,0.0,0.9999999999997056,True,3.845593135676298e-14,False
2027,effective,effective,3,1,benign,0.16410620501570647,0.1927328197911286,0.7554691394121973,1.0,0.0,1.2256402557002083e-211,False,0.14585867248449533,False
2027,effective,effective,3,10,benign,0.07476374565349936,0.20339926640300604,0.7531724376518214,4.3756248961065396e-06,0.0,0.9999956243751039,True,2.9076249721017513e-07,False
2027,effective,effective,3,12,benign,0.23274313534084554,0.18411231806441922,0.7577570694334671,1.0,0.0,0.0,False,0.20686362680464065,False
2027,effective,effective,3,5,benign,0.19133083510505322,0.19862707461456394,0.7595726012395929,1.0,0.0,1.0533901844252376e-193,False,0.1700561024557356,False
2027,effective,effective,3,17,heterogeneous,0.13692349199783804,0.19752744920638496,0.7637436600135379,1.0,0.0,2.2271622523239112e-125,False,0.12169849868159843,False
2027,effective,effective,3,7,benign,0.052464084319504174,0.19986959807731625,0.7470338844201131,5.016300527104286e-13,0.0,0.9999999999994985,True,2.339122134917117e-14,False
2027,effective,effective,3,19,heterogeneous,0.03689211866071755,0.17883030658547383,0.7548322563510896,6.003797870951417e-22,1.0,7.435297858075973e-173,False,0.17776131313320578,False
2027,effective,raw,4,4,benign,0.04135507647495351,0.5431881325039892,0.7867946214573014,0.0,1.0,1.9560003901382213e-24,False,0.24939920311415084,False
2027,effective,raw,4,14,benign,0.08631028847661681,0.6472154261781525,0.7896193739722368,0.0,3.624851600297665e-06,0.9999963751483998,True,9.040351005212921e-07,False
2027,effective,raw,4,8,benign,-0.013305806458767751,0.552673575587786,0.7905901273728356,0.9999999999950031,4.996532309549197e-12,1.592507310228136e-73,False,1.2461311763356773e-12,False
2027,effective,raw,4,11,benign,0.05995824058915257,0.5142642452956248,0.7861039231564313,0.0,1.0,3.6798141539026074e-28,False,0.24939920311415084,False
2027,effective,raw,4,7,benign,0.06994138980775941,0.562484134371151,0.7962833106791524,0.0,0.0009972248192467968,0.9990027751807533,True,0.0002487070752458043,False
2027,effective,raw,4,1,benign,0.027253112638357828,0.4929700401082799,0.7780825627302221,0.0,1.0,6.571603806217375e-101,False,0.24939920311415084,False
2027,effective,raw,4,3,benign,0.07872150775569138,0.5647169529118776,0.7795699200733338,0.0,1.0,2.410236163081346e-40,False,0.24939920311415084,False
2027,effective,raw,4,19,heterogeneous,0.057318928207483785,0.5655466880846782,0.7966646590294272,0.0,0.0005345526128300104,0.9994654473871701,True,0.0001333169956623918,False
2027,effective,raw,4,17,heterogeneous,-0.032268346189183686,0.5222715739250338,0.7871429791556862,0.9999999999963923,3.6082102552475714e-12,9.331691064943764e-120,False,8.998847623270511e-13,False
2027,effective,raw,4,12,benign,0.06634852203193917,0.5713056793354062,0.7931462677066027,0.0,0.00810050477313353,0.9918994952268666,True,0.002020259435241878,False
2027,effective,effective,4,4,benign,0.021008075426320764,0.1797553121108134,0.7499392280513028,1.0,0.0,0.0,False,0.027466536079844166,False
2027,effective,effective,4,14,benign,0.12806485205223034,0.22337172266479885,0.7303164783455268,4.562001613461374e-12,0.0,0.9999999999954383,True,7.638410790026172e-13,False
2027,effective,effective,4,8,benign,-0.011484485594185094,0.1856397155475071,0.7530401258859921,1.2290128601387534e-05,0.9999877098713988,0.0,False,0.2614822915017855,False
2027,effective,effective,4,11,benign,0.07356057712400534,0.16898573256223043,0.7520702182571327,1.0,0.0,0.0,False,0.09617512335752798,False
2027,effective,effective,4,7,benign,0.05486239463148757,0.18904754938238155,0.7526650001480091,1.0,0.0,0.0,False,0.0717286048813615,False
2027,effective,effective,4,1,benign,0.034448376401862206,0.16648264907743862,0.7467505617737832,1.0,0.0,0.0,False,0.045038755532472344,False
2027,effective,effective,4,3,benign,0.08564409351799954,0.18889681003637498,0.7372370339933041,1.0,0.0,0.0,False,0.11197344530144134,False
2027,effective,effective,4,19,heterogeneous,0.0327483348911721,0.18440203747288153,0.7530506306081863,1.0,0.0,0.0,False,0.04281607446611917,False
2027,effective,effective,4,17,heterogeneous,-0.04657862835341506,0.16970307769115636,0.7536293595329475,3.5352224931364325e-08,0.9999999646477755,0.0,False,0.2614854959481774,False
2027,effective,effective,4,12,benign,0.06259136457321722,0.18999326770420547,0.7504744818522471,1.0,0.0,0.0,False,0.08183367293050679,False
2027,effective,raw,5,2,benign,-0.01053662541057638,0.5501351362441461,0.7977414145584106,0.0,1.0,0.0,False,0.16217134724041207,False
2027,effective,raw,5,17,heterogeneous,0.10360598875474135,0.5488722829885281,0.7974726621040384,1.0,7.577731513435384e-150,0.0,False,0.08400961389265693,False
2027,effective,raw,5,0,benign,0.053695137132812945,0.594221336307569,0.7901203075264228,0.0,6.326061961032413e-61,1.0,True,1.0259059909469495e-61,False
2027,effective,raw,5,18,heterogeneous,0.06462388692798125,0.567487026198303,0.790135803447633,1.0,1.3461370260488784e-68,0.0,False,0.052400714035113864,False
2027,effective,raw,5,19,heterogeneous,-0.0035211028084928967,0.5637841189879881,0.7925892874956629,0.0,1.0,0.0,False,0.16217134724041207,False
2027,effective,raw,5,5,benign,0.06503360398430255,0.5582578225366917,0.792309516154959,1.0,1.5069964251943078e-67,0.0,False,0.05273293587016887,False
2027,effective,raw,5,4,benign,-0.013301973653693525,0.5595240730118872,0.7828114314053326,0.0,1.0,0.0,False,0.16217134724041207,False
2027,effective,raw,5,7,benign,-0.016833227941104128,0.5665951334688409,0.7956403725791196,0.0,1.0,0.0,False,0.16217134724041207,False
2027,effective,raw,5,10,benign,0.0790502837240975,0.5834219392595145,0.8001149619686995,0.0,1.177520593128619e-101,1.0,True,1.9096010099099725e-102,False
2027,effective,raw,5,6,benign,-0.010803696271955385,0.5504157392176328,0.7856075677115906,0.0,1.0,0.0,False,0.16217134724041207,False
2027,effective,effective,5,2,benign,0.003094791624291799,0.18159627732901018,0.7586424293820805,0.0,1.0,0.0,False,0.18535778608276668,False
2027,effective,effective,5,17,heterogeneous,0.10822678823759557,0.18420620597177778,0.7543601899412858,0.0,1.0,0.0,False,0.18535778608276668,False
2027,effective,effective,5,0,benign,0.028763862162062087,0.1876940117953499,0.7572824360699999,0.0,1.0,0.0,False,0.18535778608276668,False
2027,effective,effective,5,18,heterogeneous,0.06141800780230519,0.19248694625983287,0.7493234378319559,0.9999999999999997,4.7669449365562575e-16,0.0,False,0.056921529759246976,False
2027,effective,effective,5,19,heterogeneous,0.012825550229248913,0.1912721732251407,0.755259012514004,0.0,1.0,0.0,False,0.18535778608276668,False
2027,effective,effective,5,5,benign,0.07231999218220313,0.19184035592461185,0.7521607631467667,0.0,4.843089161684302e-06,0.9999951569108386,True,8.977042848112447e-07,False
2027,effective,effective,5,4,benign,-0.0028878296559364087,0.18742634150787657,0.7451528047110352,1.0,2.4810399546832387e-83,0.0,False,4.598800731829729e-84,False
2027,effective,effective,5,7,benign,0.0036390162694296016,0.19608411675179974,0.7562668063505427,7.291613779660348e-182,1.0,0.0,False,0.18535778608276668,False
2027,effective,effective,5,10,benign,0.08208180180765524,0.19624102945704275,0.7594954470408273,0.0,2.1865038769009814e-26,1.0,True,4.0528551788375224e-27,False
2027,effective,effective,5,6,benign,0.017575352475737417,0.18719259720051415,0.7444892165248184,1.0,4.614499598023392e-83,0.0,False,0.0162886421226348,False
2027,effective,raw,6,15,heterogeneous,0.041808733668130746,0.5829325072857354,0.7893409731005178,1.0,3.0702712462873435e-26,0.0,False,0.030879008175622318,False
2027,effective,raw,6,8,benign,0.03988550697768764,0.523455110071128,0.7964030373460574,0.0,1.0,0.0,False,0.1477155869906686,False
2027,effective,raw,6,2,benign,0.06164338024463006,0.5378197489905336,0.7935390152974516,0.0,1.0,0.0,False,0.1477155869906686,False
2027,effective,raw,6,1,benign,0.051313908117090745,0.5170267120965698,0.7871842908015976,0.0,1.0,0.0,False,0.1477155869906686,False
2027,effective,raw,6,12,benign,0.1496744134034281,0.605553920517473,0.7937558926972209,0.0,8.628918346321616e-54,1.0,True,1.2746257386214472e-54,False
2027,effective,raw,6,16,heterogeneous,0.03766542265459514,0.5219519614846622,0.7833200573725126,0.0,1.0,0.0,False,0.1477155869906686,False
2027,effective,raw,6,0,benign,0.03208843090130905,0.5247025665587792,0.7841818631671206,0.0,1.0,0.0,False,0.1477155869906686,False
2027,effective,raw,6,6,benign,0.047792408522679956,0.5834696866274871,0.7995292686386816,1.0,8.982918353287989e-22,0.0,False,0.035298418393127515,False
2027,effective,raw,6,17,heterogeneous,0.06435211402604518,0.5771085256472729,0.7965527534108301,1.0,5.587165271769792e-17,0.0,False,0.04752905148723853,False
2027,effective,raw,6,13,benign,0.05546472810477274,0.5179630929601948,0.7807231551925179,0.0,1.0,0.0,False,0.1477155869906686,False
2027,effective,effective,6,15,heterogeneous,0.036719224319386304,0.18189725969331574,0.7543411740574081,0.0,1.0,0.0,False,0.11937825597876207,False
2027,effective,effective,6,8,benign,0.023201747211672355,0.1783035126614351,0.7546903412699486,0.0,1.0,0.0,False,0.11937825597876207,False
2027,effective,effective,6,2,benign,0.03359286679327665,0.18483038206158545,0.7548428348126182,0.0,1.0,0.0,False,0.11937825597876207,False
2027,effective,effective,6,1,benign,0.04486902024027356,0.174439754751381,0.7478801387084519,0.0,1.0,0.0,False,0.11937825597876207,False
2027,effective,effective,6,12,benign,0.18885485209686384,0.20152911814288,0.7516773597233154,1.0,1.272809901548943e-63,0.0,False,0.11272581438225332,False
2027,effective,effective,6,16,heterogeneous,0.02120116209815038,0.17565858088322078,0.7510218771520822,0.0,1.0,0.0,False,0.11937825597876207,False
2027,effective,effective,6,0,benign,0.03395601151567846,0.17865374339872653,0.7510717870063849,0.0,1.0,0.0,False,0.11937825597876207,False
2027,effective,effective,6,6,benign,0.08765823826847267,0.20342476985425995,0.755846152401339,0.0,1.862619901127003e-30,1.0,True,2.2235631534787585e-31,False
2027,effective,effective,6,17,heterogeneous,0.08649212261167002,0.20153336238322594,0.7512531751899232,1.0,9.53394704967317e-35,0.0,False,0.0516263937664121,False
2027,effective,effective,6,13,benign,0.008392062397278343,0.17587861266112104,0.7481576904708322,0.0,1.0,0.0,False,0.11937825597876207,False
2027,effective,raw,7,18,heterogeneous,-0.004618320693604657,0.5751065214104697,0.7954860319366436,0.0,0.0,1.0,True,0.0,False
2027,effective,raw,7,12,benign,0.16844344652679444,0.5322744089720933,0.7994954822088947,1.0,0.0,1.9777389599579008e-35,False,0.21920085724479044,False
2027,effective,raw,7,9,benign,-0.013256955526198115,0.5078143719105287,0.7798819543491499,0.0,0.9999999997074802,2.925198444457039e-10,False,0.2602664119031801,False
2027,effective,raw,7,3,benign,0.037399862537643665,0.583326586919874,0.7918628446475008,0.0,0.0,1.0,True,0.0,False
2027,effective,raw,7,11,benign,-0.03687432861560541,0.49801238847174034,0.7849866159933132,0.0,0.9999999999960942,3.905750740033247e-12,False,0.26026641197829664,False
2027,effective,raw,7,0,benign,0.03792606115508611,0.5321599780643594,0.7832438779491768,0.0,0.999999642268168,3.5773183204514547e-07,False,0.2602663188737328,False
2027,effective,raw,7,14,benign,-0.0753717661416199,0.5660381150363036,0.8029478497147535,0.0,0.0,1.0,True,0.0,False
2027,effective,raw,7,10,benign,0.020483678184205125,0.5836707880914925,0.7969856401520689,0.0,0.0,1.0,True,0.0,False
2027,effective,raw,7,2,benign,-0.09632728149169138,0.562742398224263,0.7941352547030306,0.0,0.0,1.0,True,0.0,False
2027,effective,raw,7,8,benign,-0.043832474973458053,0.5434561745627908,0.7911281306371654,0.0,0.0,1.0,True,0.0,False
2027,effective,effective,7,18,heterogeneous,0.0016293834517986847,0.19916623246532866,0.7418759290757437,3.077111433141744e-10,0.0,0.9999999996922889,True,7.363600141381207e-13,False
2027,effective,effective,7,12,benign,0.18638255183858624,0.18236231631816452,0.751391464975377,1.0,0.0,0.0,False,0.27373411478401183,False
2027,effective,effective,7,9,benign,0.007140123454236733,0.1694811128964107,0.7443896078838595,2.322474722830909e-08,0.9999999767752529,0.0,False,0.29373362039879447,False
2027,effective,effective,7,3,benign,0.035171403033534936,0.1963501363408804,0.7404045323378381,1.2440672843625013e-10,0.0,0.9999999998755928,True,6.426244348659561e-12,False
2027,effective,effective,7,11,benign,-0.02783324228099858,0.16730263573433815,0.7504044035480578,3.148434164441495e-07,0.9999996851565837,0.0,False,0.2937335344970393,False
2027,effective,effective,7,0,benign,0.06806701631066796,0.18507378379746367,0.7525431694241129,1.0,0.0,0.0,False,0.09996785789222253,False
2027,effective,effective,7,14,benign,-0.06276192372266913,0.19553741558220109,0.758719517293642,1.0,0.0,0.0,False,0.0,False
2027,effective,effective,7,10,benign,0.026439514481460143,0.19990834635115085,0.7549815463074274,1.0,0.0,0.0,False,0.038830872420769255,False
2027,effective,effective,7,2,benign,-0.08287391113196536,0.18793929512302035,0.7512211458975636,1.0,0.0,0.0,False,0.0,False
2027,effective,effective,7,8,benign,-0.04710385789149964,0.1837468813582891,0.7589479130918393,1.0,0.0,0.0,False,0.0,False
2027,effective,raw,8,18,heterogeneous,0.09613734474572838,0.5862879342262285,0.7939348529811076,0.0,4.435862207396425e-90,1.0,True,1.1089655518489623e-90,False
2027,effective,raw,8,2,benign,-0.06153553814924541,0.5382267377954517,0.7886359403104909,0.9999999999994929,5.071244471005524e-13,1.6275927383586679e-25,False,1.2678111177512165e-13,False
2027,effective,raw,8,10,benign,0.1918904585719837,0.5229893231182728,0.788851266452991,0.0,1.0,0.0,False,0.24999999999996753,False
2027,effective,raw,8,8,benign,0.03539981243486315,0.5205823683523683,0.7932289357702016,0.0,1.0,3.2815066288957185e-128,False,0.24999999999996753,False
2027,effective,raw,8,3,benign,0.07118683351469561,0.5286482088781127,0.7934462345222364,0.0,1.0,3.8423186646141316e-196,False,0.24999999999996753,False
2027,effective,raw,8,6,benign,0.08400134936983687,0.5665973753090483,0.796764752673543,0.0,3.8746334790430994e-44,1.0,True,9.68658369760649e-45,False
2027,effective,raw,8,13,benign,-0.005891174036430544,0.5456254235641589,0.7927680952855579,0.9999999995259481,1.2652792803698517e-14,4.740388607015713e-10,False,3.1631982009242185e-15,False
2027,effective,raw,8,14,benign,0.03865916477304591,0.5643016912446684,0.7917723992949695,0.0,6.95441299252968e-38,1.0,True,1.738603248132194e-38,False
2027,effective,raw,8,12,benign,0.07201400186971331,0.5500480481872149,0.8007517537824235,0.0,3.790603100727984e-21,1.0,True,9.47650775181873e-22,False
2027,effective,raw,8,9,benign,0.1386413109937411,0.5216363797632086,0.7946991248179912,0.0,1.0,0.0,False,0.24999999999996753,False
2027,effective,effective,8,18,heterogeneous,0.0924763548596451,0.20237612251355896,0.7470048275448186,0.0,0.0,1.0,True,0.0,False
2027,effective,effective,8,2,benign,-0.04935222012835167,0.18793172392785204,0.7424798041697539,1.0,0.0,0.0,False,0.0,False
2027,effective,effective,8,10,benign,0.2258001201013226,0.17964725831612646,0.751495679097386,3.7820908700226424e-218,1.0,0.0,False,0.19053569457386807,False
2027,effective,effective,8,8,benign,0.04198817956738801,0.17386802863964493,0.7556090746429154,0.0,1.0,3.206733313009566e-46,False,0.19053569457386807,False
2027,effective,effective,8,3,benign,0.08077775545965173,0.18290747711333882,0.7473750584443329,1.0,0.0,0.0,False,0.07695522871311403,False
2027,effective,effective,8,6,benign,0.11111585344063031,0.19267947527685086,0.7510525020184515,1.080483659610595e-120,0.0,1.0,True,1.1437749517782994e-121,False
2027,effective,effective,8,13,benign,-0.01751632777466365,0.18140595675840188,0.7592328212689284,0.0,1.0,0.0,False,0.19053569457386807,False
2027,effective,effective,8,14,benign,0.04958773626742727,0.19405355949311015,0.7490966937285094,1.2333848096072086e-39,0.0,1.0,True,5.826654006038337e-41,False
2027,effective,effective,8,12,benign,0.103441342967765,0.18346913480090865,0.7560443558011909,0.0,1.0,2.0992853778084133e-183,False,0.19053569457386807,False
2027,effective,effective,8,9,benign,0.16889433064105913,0.17315969789825011,0.7483038394471626,1.0,0.0,0.0,False,0.16090199299141364,False
2027,effective,raw,9,4,benign,-0.0283672704787516,0.5561617703246056,0.7968020974291082,1.0,0.0,0.0,False,0.0,False
2027,effective,raw,9,9,benign,0.0006861699766844294,0.5812053352841204,0.7923858664902302,1.0,0.0,0.0,False,0.0010162137142989685,False
2027,effective,raw,9,7,benign,-0.058039706449361954,0.5588573778638561,0.7983187369861636,1.0,0.0,0.0,False,0.0,False
2027,effective,raw,9,1,benign,-0.025382265835350692,0.536055692866327,0.7846267422534577,0.0,1.0,0.0,False,0.2961988279374475,False
2027,effective,raw,9,0,benign,0.04321329346332817,0.5483352971423845,0.7960420333716022,1.0,0.0,0.0,False,0.06399863437577383,False
2027,effective,raw,9,6,benign,0.049561267291648455,0.5759779827583362,0.8017839099992518,4.3253747185446726e-275,0.0,1.0,True,3.1748227256339724e-276,False
2027,effective,raw,9,12,benign,0.030222994532965813,0.5364903204127681,0.7916606713738054,5.196075749650823e-105,1.0,0.0,False,0.2961988279374475,False
2027,effective,raw,9,5,benign,-0.01160825085321379,0.5339506004228682,0.7896765168277574,8.919055014519873e-270,1.0,0.0,False,0.2961988279374475,False
2027,effective,raw,9,17,heterogeneous,0.031322654732031045,0.5495025055369266,0.7959408293381229,1.0,0.0,0.0,False,0.04638866809758469,False
2027,effective,raw,9,18,heterogeneous,0.07804890027017758,0.5946039660845179,0.7940636724654325,1.2830541553097218e-115,0.0,1.0,True,1.4830818350575703e-116,False
2027,effective,effective,9,4,benign,-0.011279313271419098,0.19312638945874475,0.7596584022267237,1.0,0.0,0.0,False,0.0,False
2027,effective,effective,9,9,benign,-0.007338897321772465,0.19588466158096948,0.7534315272961142,1.0,0.0,0.0,False,0.0,False
2027,effective,effective,9,7,benign,-0.027789475797723766,0.1981647274551994,0.7487738757337282,1.0,0.0,0.0,False,0.0,False
2027,effective,effective,9,1,benign,-0.036419377878178755,0.18723824418580862,0.7452248922837384,1.0,0.0,0.0,False,0.0,False
2027,effective,effective,9,0,benign,0.03414056189346413,0.1844462674930744,0.7559831800028833,9.723614752526272e-26,1.0,0.0,False,0.3333333333333333,False
2027,effective,effective,9,6,benign,0.05284960034647785,0.20251847666811496,0.7480216911480579,9.175469012753507e-33,0.0,1.0,True,8.081997838591908e-34,False
2027,effective,effective,9,12,benign,0.03343777792526828,0.185415408998712,0.7472466982980016,9.12533104862852e-34,1.0,0.0,False,0.3333333333333333,False
2027,effective,effective,9,5,benign,-0.02920286152149027,0.1877676119817199,0.7558578146669781,1.0,0.0,0.0,False,0.0,False
2027,effective,effective,9,17,heterogeneous,0.043293933428801404,0.18700435305226332,0.7478272448001559,8.269635177457037e-40,1.0,0.0,False,0.3333333333333333,False
2027,effective,effective,9,18,heterogeneous,0.08819739308943006,0.20716093378016456,0.747237949374211,1.4635755926031697e-64,0.0,1.0,True,2.1513925309486216e-65,False
2027,effective,raw,10,17,heterogeneous,0.04685804620124041,0.57092007128999,0.801124539871956,2.4939670964674536e-07,0.9999997506032906,0.0,False,0.3077839198407164,False
2027,effective,raw,10,16,heterogeneous,-0.041195710068096934,0.6763509623150649,0.800525750956273,1.1791951982275953e-16,0.0,1.0,True,0.0,False
2027,effective,raw,10,15,heterogeneous,0.08423003964736456,0.5481696038996611,0.7938152895107785,1.0008656971232867e-14,0.9999999999999898,0.0,False,0.3077839786168349,False
2027,effective,raw,10,2,benign,-0.006090958379638935,0.5701813640382597,0.7952509171650014,1.0,5.521768525635451e-148,0.0,False,1.699511885821304e-148,False
2027,effective,raw,10,0,benign,0.0008564958591776624,0.5189099190208867,0.7889201944304097,1.0,0.0,0.0,False,0.0013180785160327342,False
2027,effective,raw,10,4,benign,7.335099608253483e-05,0.562641112934198,0.7873611434617698,1.0,1.2937281140413312e-176,0.0,False,0.00011288130704895289,False
2027,effective,raw,10,6,benign,0.00556311326112098,0.6217850020060781,0.7916862834223263,1.0,0.0,0.0,False,0.008561185665019502,False
2027,effective,raw,10,5,benign,0.058261886915872696,0.5614309824596015,0.7972335310723265,2.4085313686354173e-08,0.9999999759146861,0.0,False,0.3077839733632613,False
2027,effective,raw,10,3,benign,0.0008864448710144084,0.5611279137845729,0.7959100624013736,1.0,4.7469294e-317,0.0,False,0.0013641676461265163,False
2027,effective,raw,10,18,heterogeneous,0.042427039469940774,0.6357558349883335,0.7947813619742301,1.0,0.0,0.0,False,0.06529181504495969,False
2027,effective,effective,10,17,heterogeneous,0.06048176164129896,0.19920847111784848,0.7583889454107651,0.0,1.0,0.0,False,0.13900357945866648,False
2027,effective,effective,10,16,heterogeneous,-0.09394243149693861,0.23025457948962225,0.7548124169141162,0.0,5.514368602657458e-13,0.9999999999994493,True,7.665169742238716e-14,False
2027,effective,effective,10,15,heterogeneous,0.09282727540094195,0.18848010603210252,0.7466601938193334,0.0,1.0,0.0,False,0.13900357945866648,False
2027,effective,effective,10,2,benign,0.0054312044710231175,0.2005800745007116,0.7513896418085205,0.0,1.0,0.0,False,0.13900357945866648,False
2027,effective,effective,10,0,benign,-0.014783734833029591,0.18385758863507312,0.7465667764720216,0.0,1.0,0.0,False,0.13900357945866648,False
2027,effective,effective,10,4,benign,-0.0011391928274718265,0.19833650066137348,0.7445307438428109,0.0,1.0,0.0,False,0.13900357945866648,False
2027,effective,effective,10,6,benign,-0.004350582169739742,0.2248958057326182,0.7360266022433438,0.9999999980360972,1.9639026843907857e-09,0.0,False,2.72989502838803e-10,False
2027,effective,effective,10,5,benign,0.05219009869981363,0.19882199600210163,0.7508879999754805,0.0,1.0,0.0,False,0.13900357945866648,False
2027,effective,effective,10,3,benign,-0.003866290127069174,0.20517504964494498,0.7420117984064959,0.0,1.0,0.0,False,0.13900357945866648,False
2027,effective,effective,10,18,heterogeneous,0.03881186889372246,0.22259604256793913,0.733263300701121,0.9999999999310081,6.899188687805928e-11,0.0,False,0.02697494351626855,False
2028,raw,raw,1,4,benign,0.876683307693359,1.4518586972914076,0.909447445233105,3.8523039410244434e-227,0.0,1.0,True,1.1211856739790009e-227,False
2028,raw,raw,1,17,heterogeneous,0.8133685702447515,1.4021317517853775,0.9056967843350959,3.149503977518521e-286,1.0,2.6590147687231614e-59,False,0.06639635725230546,False
2028,raw,raw,1,16,heterogeneous,0.8356648114069695,1.5095563143179047,0.9047404031968241,0.0,0.0,1.0,True,0.0,False
2028,raw,raw,1,1,benign,0.8811292248658393,1.4414124142347475,0.9033734451080703,0.9999999987909893,0.0,1.2090108522186215e-09,False,0.29251885364453784,False
2028,raw,raw,1,11,benign,0.8775416614885359,1.419326082961192,0.9110610676899609,0.0,0.0,1.0,True,0.0,False
2028,raw,raw,1,2,benign,0.8611947126684673,1.4251474216608107,0.9014029194375691,1.0,0.0,3.114342325265185e-21,False,0.2859009590306605,False
2028,raw,raw,1,12,benign,0.8843405499271677,1.4237041000059791,0.9084982450860869,0.0,0.0,1.0,True,0.0,False
2028,raw,raw,1,19,heterogeneous,0.8226498390886374,1.4243055257970032,0.8975927385918371,0.0,1.0,7.740380373265246e-63,False,0.06639635725230546,False
2028,raw,raw,1,14,benign,0.8698895083465935,1.432843991748806,0.9032364675846529,0.9999999999623498,0.0,3.76503560732498e-11,False,0.2887874728201909,False
2028,raw,raw,1,7,benign,0.8656081660465388,1.4582001194265863,0.9071640682506547,0.0,0.0,1.0,True,0.0,False
2028,raw,effective,1,4,benign,0.8366510902666089,0.9811600886268886,0.7539818527269727,0.0,0.0,1.0,True,0.0,False
2028,raw,effective,1,17,heterogeneous,0.737022722867548,0.9571625071298003,0.7509302609937043,0.0,1.0,2.42633125500939e-273,False,0.0693660360047193,False
2028,raw,effective,1,16,heterogeneous,0.7668055544091171,1.0037835372837218,0.7509327563883443,0.0,0.0,1.0,True,0.0,False
2028,raw,effective,1,1,benign,0.8395005832625526,0.980776379788695,0.7504730305161901,0.9999999992205648,0.0,7.794353596436997e-10,False,0.29116413819592185,False
2028,raw,effective,1,11,benign,0.8357242176952361,0.9760151243313088,0.7549572333809605,0.0,0.0,1.0,True,0.0,False
2028,raw,effective,1,2,benign,0.8202356111733949,0.9678728361799184,0.7493845960068901,1.0,0.0,1.1096165239603227e-48,False,0.28448246468503324,False
2028,raw,effective,1,12,benign,0.8469739113930029,0.9739913726963211,0.7535456626387004,0.0,0.0,1.0,True,0.0,False
2028,raw,effective,1,19,heterogeneous,0.7548925125440813,0.9594107198291618,0.7495379787997891,3.482587041280898e-221,1.0,1.0191319507759315e-216,False,0.0693660360047193,False
2028,raw,effective,1,14,benign,0.8235192366770797,0.9756591602521552,0.7500772597266823,1.0,0.0,1.249585541110346e-19,False,0.2856213251096063,False
2028,raw,effective,1,7,benign,0.8230918750965814,0.9831375761125237,0.7533491350037689,0.0,0.0,1.0,True,0.0,False
2028,raw,raw,2,14,benign,0.13495500437146227,0.5814896790470045,0.7867212915629755,1.0,0.0,0.0,False,0.1248798182318607,False
2028,raw,raw,2,8,benign,0.10225024504936264,0.5584486457194071,0.7822340387378114,1.0,0.0,0.0,False,0.09461666186739619,False
2028,raw,raw,2,17,heterogeneous,0.07551144784761388,0.5537783768168925,0.7880155223978588,1.0,0.0,0.0,False,0.06987407340359952,False
2028,raw,raw,2,13,benign,0.12944128787290624,0.5360098297527922,0.7730391845425229,1.7775931375765798e-09,0.9999999982224069,0.0,False,0.18506882161970847,False
2028,raw,raw,2,9,benign,0.17788046911448166,0.5957113533160106,0.7941599373751899,5.020852852454086e-06,0.0,0.9999949791471479,True,8.26435613666761e-07,False
2028,raw,raw,2,7,benign,0.11397835464718649,0.5791374045704029,0.7914925316740693,1.0,0.0,0.0,False,0.10546919898968234,False
2028,raw,raw,2,18,heterogeneous,0.1677140892180616,0.610632468502363,0.7954680915504332,8.75938562126113e-08,0.0,0.9999999124061437,True,1.3593974735174818e-08,False
2028,raw,raw,2,1,benign,0.056425012762303335,0.5604186096695816,0.7835250905644974,1.0,0.0,0.0,False,0.052212553141726153,False
2028,raw,raw,2,16,heterogeneous,0.12362827055645578,0.5430094593966419,0.7747771438976809,4.744237930550041e-08,0.9999999525576205,0.0,False,0.18506881838301034,False
2028,raw,raw,2,3,benign,0.1975580896002378,0.5523468193111976,0.7884809122913033,1.0,0.0,2.762368050765104e-275,False,0.18280921433342787,False
2028,raw,effective,2,14,benign,0.11257660219773347,0.19705493912037528,0.7462968338660746,1.0,0.0,0.0,False,0.15697521234314338,False
2028,raw,effective,2,8,benign,0.039619025930677614,0.17953163199026143,0.7591345375869004,1.0,0.0,0.0,False,0.055244206050676446,False
2028,raw,effective,2,17,heterogeneous,0.046045557175474004,0.18518880332275556,0.7508529443521725,1.0,0.0,0.0,False,0.06420526978050776,False
2028,raw,effective,2,13,benign,0.11925659604161364,0.16904562841603205,0.7601747925883677,2.506878537454184e-22,1.0,0.0,False,0.27887715436183913,False
2028,raw,effective,2,9,benign,0.17269881989737093,0.20648701706527528,0.7618295958686612,4.775371792736248e-27,0.0,1.0,True,1.1499514424334243e-27,False
2028,raw,effective,2,7,benign,0.10390386225681797,0.20161150731159377,0.7575431872231699,3.4303414106426355e-14,0.0,0.9999999999999657,True,4.969949546622259e-15,False
2028,raw,effective,2,18,heterogeneous,0.11535119979624821,0.20680112681367094,0.7542508056704237,3.7347315462408234e-16,0.0,0.9999999999999997,True,6.007094288167215e-17,False
2028,raw,effective,2,1,benign,0.04366320847126769,0.18869063790739057,0.7493802077216455,1.0,0.0,0.0,False,0.060883356643874405,False
2028,raw,effective,2,16,heterogeneous,0.07525725561725981,0.18629894140286418,0.7481863297306557,1.0,0.0,0.0,False,0.10493764645811474,False
2028,raw,effective,2,3,benign,0.1859467599558974,0.18291653433720512,0.7569736433821332,3.7602280093088436e-22,1.0,0.0,False,0.27887715436183913,False
2028,raw,raw,3,11,benign,0.07228965474828832,0.5050876017096438,0.7750527354462166,1.385386466721549e-38,1.0,0.0,False,0.26961884170295924,False
2028,raw,raw,3,10,benign,0.09239391278659917,0.612753761677583,0.7940854436053649,2.7082717794049034e-36,0.0,1.0,True,3.373306838335311e-37,False
2028,raw,raw,3,16,heterogeneous,0.09375528492047164,0.5310288020047197,0.7806718822522024,4.4800337003543404e-45,1.0,0.0,False,0.26961884170295924,False
2028,raw,raw,3,13,benign,0.04290935720239347,0.5290125741433201,0.7874494860664047,1.0,0.0,0.0,False,0.057845855935639304,False
2028,raw,raw,3,8,benign,0.01923486227437325,0.5482134393693787,0.7858215336721656,1.0,0.0,0.0,False,0.025930406433662324,False
2028,raw,raw,3,7,benign,0.008588817656313875,0.5436210063518016,0.7819141619053224,1.0,0.0,0.0,False,0.011578535340466361,False
2028,raw,raw,3,4,benign,0.011496974566563225,0.5035256684322529,0.7793673592468097,1.0,0.0,0.0,False,0.015499004828625795,False
2028,raw,raw,3,2,benign,0.013111247422186249,0.5514186415432369,0.7833038139857084,1.0,0.0,0.0,False,0.017675196716253835,False
2028,raw,raw,3,9,benign,0.07456640416127379,0.4925309905047925,0.7795145111227251,2.17651123091717e-15,0.9999999999999978,0.0,False,0.2696188417029589,False
2028,raw,raw,3,14,benign,0.0464466616954446,0.505689904499896,0.7828469607084294,1.0,0.0,0.0,False,0.06261447563647489,False
2028,raw,effective,3,11,benign,0.10504355581485098,0.16968707335819747,0.7471209159284656,4.594500042552247e-44,1.0,0.0,False,0.21554230778853165,False
2028,raw,effective,3,10,benign,0.11701410623993841,0.20726360213689599,0.7405691079644511,0.0,1.1094646951639872e-28,1.0,True,2.391365808055456e-29,False
2028,raw,effective,3,16,heterogeneous,0.09821577087245016,0.17450788482036286,0.7509579518892087,2.159632684406916e-46,1.0,0.0,False,0.21554230778853165,False
2028,raw,effective,3,13,benign,0.04501852079010626,0.1754655206515275,0.7530872343374193,0.9999999999997788,2.213451913920186e-13,0.0,False,0.04851697932166445,False
2028,raw,effective,3,8,benign,0.03136320825518006,0.17818823626123234,0.7587361398896987,1.0,4.2642642976415985e-29,0.0,False,0.033800491434869184,False
2028,raw,effective,3,7,benign,0.009369627271385846,0.18629011227506995,0.7499096130488746,1.0,4.57004108538736e-33,0.0,False,0.01009775542596434,False
2028,raw,effective,3,4,benign,0.037874781393628945,0.1728093146413477,0.7496259179877002,0.9999999999993712,6.287215731529857e-13,0.0,False,0.04081808894295446,False
2028,raw,effective,3,2,benign,0.004265940888908023,0.18958565272631092,0.7507088813946035,1.0,5.74325930183321e-39,0.0,False,0.0045974537204234766,False
2028,raw,effective,3,9,benign,0.10168669938069338,0.16287575781442992,0.7515239388152332,2.022471255631609e-18,1.0,0.0,False,0.21554230778853165,False
2028,raw,effective,3,14,benign,0.08309375684671241,0.16790292054347175,0.7471218731878416,1.954064573021525e-14,0.9999999999999805,0.0,False,0.21554230778852917,False
2028,raw,raw,4,1,benign,0.1358478847253195,0.5334812907040312,0.7859377465615216,0.0,1.0,0.0,False,0.19049038353932338,False
2028,raw,raw,4,7,benign,-0.005508779819958824,0.6052150218861405,0.7934403451900407,0.0,0.0,1.0,True,0.0,False
2028,raw,raw,4,9,benign,0.14464715828834748,0.5001123957339821,0.7802869037529794,0.0,1.0,0.0,False,0.19049038353932338,False
2028,raw,raw,4,14,benign,0.06284504919241594,0.5437261383581733,0.7807019655718546,0.0,1.0,0.0,False,0.19049038353932338,False
2028,raw,raw,4,8,benign,0.04306513788478475,0.5358260721667454,0.796247549757439,1.0,0.0,0.0,False,0.04101747316423246,False
2028,raw,raw,4,2,benign,0.06547937380057611,0.5515994041195869,0.7953132631427227,1.0,0.0,0.0,False,0.062365955145932336,False
2028,raw,raw,4,15,heterogeneous,0.04911561570207556,0.5271524731464876,0.7927731395471747,1.0,0.0,0.0,False,0.04678026236429193,False
2028,raw,raw,4,10,benign,0.18739432232769448,0.532024830451507,0.7903672810312565,0.0,1.0,0.0,False,0.19049038353932338,False
2028,raw,raw,4,16,heterogeneous,-0.05151307110955088,0.5751697721647726,0.7914076011953372,0.0,0.0,1.0,True,0.0,False
2028,raw,raw,4,5,benign,0.09226163918149655,0.5940705911306373,0.7993084297527256,1.0,0.0,0.0,False,0.08787477516824972,False
2028,raw,effective,4,1,benign,0.16512453507263483,0.18171703802337644,0.7517652393524841,1.0,0.0,0.0,False,0.12706444099593692,False
2028,raw,effective,4,7,benign,0.04465089710246795,0.19830943760743333,0.7542949356373698,5.948152117299651e-09,0.0,0.9999999940518479,True,2.0437354487697613e-10,False
2028,raw,effective,4,9,benign,0.19443782783315913,0.1679629928075871,0.7416858019513212,1.0,0.0,0.0,False,0.1496212170481926,False
2028,raw,effective,4,14,benign,0.11382282992470683,0.18222383707970893,0.7484803123807711,1.0,0.0,0.0,False,0.08758743363363036,False
2028,raw,effective,4,8,benign,0.06359491696802554,0.18538161032633713,0.7599157952187967,4.280428151671042e-111,1.0,3.291642598315973e-68,False,0.15390134596296537,False
2028,raw,effective,4,2,benign,0.10308713060072375,0.17576985733932815,0.7601999338995244,1.994174871578547e-222,1.0,0.0,False,0.15390134596296537,False
2028,raw,effective,4,15,heterogeneous,0.041610812060734685,0.17019366749589204,0.756653518747767,0.0,1.0,0.0,False,0.15390134596296537,False
2028,raw,effective,4,10,benign,0.22614860076772453,0.1779479050762772,0.7556906298747775,1.0,0.0,0.0,False,0.17402287022897053,False
2028,raw,effective,4,16,heterogeneous,-0.08132351605597192,0.1942000537426234,0.7480019070878472,1.6709062459742664e-45,0.0,1.0,True,0.0,False
2028,raw,effective,4,5,benign,0.16183943160591566,0.20648907466222127,0.758301437675933,1.518369068299033e-211,0.0,1.0,True,1.8909241771304842e-212,False
2028,raw,raw,5,11,benign,0.020946395832818123,0.5288287976079472,0.7903680800018104,0.0,1.0,0.0,False,0.16514080986390264,False
2028,raw,raw,5,15,heterogeneous,0.0161608154708572,0.5345044695996936,0.7907059984925258,0.0,1.0,0.0,False,0.16514080986390264,False
2028,raw,raw,5,6,benign,0.05532740198332717,0.542492832184653,0.7872648802394304,0.0,1.0,0.0,False,0.16514080986390264,False
2028,raw,raw,5,7,benign,0.0030943629909161285,0.5960526366363477,0.7960194965610553,1.0,4.238614255776884e-53,0.0,False,0.002555028051663887,False
2028,raw,raw,5,17,heterogeneous,0.08279733964252205,0.5451738854937943,0.7922497142871975,0.0,1.0,0.0,False,0.16514080986390264,False
2028,raw,raw,5,19,heterogeneous,0.00799329723699973,0.5692137908410271,0.7952497505325811,1.0,1.6388203774356639e-18,0.0,False,0.006600097896005154,False
2028,raw,raw,5,0,benign,-0.048228595296377574,0.5995439041940479,0.7890309627547292,0.0,4.519577538667564e-107,1.0,True,7.463666949782652e-108,False
2028,raw,raw,5,9,benign,0.01603801774691072,0.5155540982505794,0.7801168143664996,0.0,1.0,0.0,False,0.16514080986390264,False
2028,raw,raw,5,13,benign,-0.0038322401525608275,0.5497232424257936,0.7960994581103831,0.9999999099622007,9.003779932843537e-08,0.0,False,1.4868915099461367e-08,False
2028,raw,raw,5,16,heterogeneous,0.05624326143982731,0.5453406223825882,0.7907901004377977,1.1791685688982707e-42,1.0,0.0,False,0.16514080986390264,False
2028,raw,effective,5,11,benign,0.01424237335871526,0.1765163420771983,0.7527328422573941,0.000343983815991346,0.9996560161840087,0.0,False,0.1952953591191863,False
2028,raw,effective,5,15,heterogeneous,0.015707693686405746,0.18236874044426324,0.7508381157317392,1.0,5.839968625028026e-29,0.0,False,0.015343100334867944,False
2028,raw,effective,5,6,benign,0.07865542032501162,0.1871152387453698,0.7493198533458351,1.0,0.0,0.0,False,0.07682973898149717,False
2028,raw,effective,5,7,benign,0.048394451054176404,0.20586887459704556,0.754546231418824,3.318205722705068e-17,0.0,1.0,True,1.568554371574688e-18,False
2028,raw,effective,5,17,heterogeneous,0.07548860003994919,0.18587930028400132,0.7553065444159237,1.0,0.0,0.0,False,0.07373642418008497,False
2028,raw,effective,5,19,heterogeneous,0.03468413324456505,0.19563463602234143,0.7606908998808873,1.3352386373969146e-07,0.0,0.9999998664761361,True,4.523665027253351e-09,False
2028,raw,effective,5,0,benign,-0.09388060111408808,0.19433162983800922,0.7563307675296378,1.6426234065504297e-18,1.0,0.0,False,0.19535777360041925,False
2028,raw,effective,5,9,benign,0.02805350751070549,0.17449023207916628,0.7512871349531719,2.6044086933717542e-05,0.9999739559130664,0.0,False,0.19535339935486618,False
2028,raw,effective,5,13,benign,-0.018921148373144188,0.17994745021312636,0.754925399075975,0.0005322958148871799,0.9994677041851129,0.0,False,0.19525378547512612,False
2028,raw,effective,5,16,heterogeneous,0.054085807241379805,0.1908880559624975,0.7548985996695583,1.0,0.0,0.0,False,0.05283041443028696,False
2028,raw,raw,6,3,benign,0.08698549470950351,0.5337898937700679,0.7897971995233188,0.0,1.0,0.0,False,0.22775715490717255,False
2028,raw,raw,6,10,benign,0.10298488200895327,0.5611063701861257,0.79194202379467,0.0,2.3390257120451377e-54,1.0,True,5.3272984143012405e-55,False
2028,raw,raw,6,15,heterogeneous,0.02585354496595472,0.5521999390153027,0.7898778139188808,1.0,5.190701880454693e-78,0.0,False,0.0294416492285525,False
2028,raw,raw,6,17,heterogeneous,0.05227474075799727,0.5618653399779013,0.789113448091642,1.0,1.1021126971403317e-130,0.0,False,0.05952973114275735,False
2028,raw,raw,6,9,benign,0.034460543567620745,0.5179440828465846,0.7866014956289544,1.3254562464210082e-193,1.0,0.0,False,0.22775715490717255,False
2028,raw,raw,6,12,benign,0.12470022176088975,0.5480315654054879,0.7992204480274274,0.0,8.495080957770555e-23,1.0,True,1.9348154696479197e-23,False
2028,raw,raw,6,16,heterogeneous,-0.027359874154862608,0.5592332770084434,0.7924557502042958,1.0,3.050906750371004e-139,0.0,False,6.948658413515872e-140,False
2028,raw,raw,6,13,benign,0.05363028614902123,0.5203209571772712,0.7852406738757036,0.0,1.0,0.0,False,0.22775715490717255,False
2028,raw,raw,6,18,heterogeneous,0.04176686409361807,0.5730212681509784,0.8008556860523143,0.0,3.486352381749081e-85,1.0,True,7.940416994710153e-86,False
2028,raw,raw,6,11,benign,-0.014651822737094138,0.5124608129201478,0.7850476324838545,0.0,1.0,0.0,False,0.22775715490717255,False
2028,raw,effective,6,3,benign,0.07500588569236892,0.17747348277496297,0.7489114161816802,4.151036370702229e-16,0.9999999999999997,0.0,False,0.2936612562453243,False
2028,raw,effective,6,10,benign,0.09081629198890977,0.19157760496494866,0.7564246621890254,0.0,0.0,1.0,True,0.0,False
2028,raw,effective,6,15,heterogeneous,0.0017165960989306904,0.18121121851240665,0.7549325455865478,1.0,0.0,0.0,False,0.002520488834389048,False
2028,raw,effective,6,17,heterogeneous,0.07402912495572703,0.19231366778598052,0.7536005811325427,0.0,0.0,1.0,True,0.0,False
2028,raw,effective,6,9,benign,0.04056123866931985,0.17552252380835706,0.7446397954424739,0.0,1.0,0.0,False,0.29366125624532435,False
2028,raw,effective,6,12,benign,0.13563890604992965,0.1874435071927945,0.7543347902018399,0.0,0.0,1.0,True,0.0,False
2028,raw,effective,6,16,heterogeneous,-0.03871730345483569,0.1905154853937166,0.7512515578727901,1.0,0.0,0.0,False,0.0,False
2028,raw,effective,6,13,benign,0.07934021935281622,0.1726865249787059,0.7523030466439,1.0,0.0,0.0,False,0.11649574242963803,False
2028,raw,effective,6,18,heterogeneous,0.04864024682034254,0.19330066285297956,0.7520977249544962,0.0,0.0,1.0,True,0.0,False
2028,raw,effective,6,11,benign,-0.005076136650793513,0.17070514160556766,0.7477304578980442,0.0,1.0,0.0,False,0.29366125624532435,False
2028,raw,raw,7,19,heterogeneous,-0.009491579322602525,0.5717824040200566,0.8001025250678845,0.0070524013719399144,0.0,0.9929475986280601,True,0.0,False
2028,raw,raw,7,10,benign,0.06099826680030946,0.5380268263290049,0.789781868179901,1.0,0.0,5.419333080070656e-251,False,0.08860531591157553,False
2028,raw,raw,7,6,benign,0.0137767222583401,0.5658959826092819,0.7987587293535146,2.586953690878381e-05,0.0,0.9999741304630912,True,5.176984213441948e-07,False
2028,raw,raw,7,5,benign,0.061968034362373456,0.5702499440549756,0.7946919071838828,0.9999999999974751,2.524774972411009e-12,1.027296152630426e-234,False,0.09001398808761713,False
2028,raw,raw,7,17,heterogeneous,0.004417972990672839,0.58140361604159,0.8011194776350102,0.00011033082656969733,0.0,0.9998896691734304,True,7.080472028740458e-07,False
2028,raw,raw,7,4,benign,0.05824621813032884,0.5927863872424932,0.802475000933556,3.883759699347937e-36,0.0,1.0,True,3.2859607102791232e-37,False
2028,raw,raw,7,15,heterogeneous,0.03161192275192465,0.5405196877042693,0.7930222526329017,1.0,0.0,2.1896020694306427e-47,False,0.04591908178598274,False
2028,raw,raw,7,12,benign,0.13384764990986647,0.540022179616189,0.7859280683062418,1.0,0.0,0.0,False,0.19442541446481748,False
2028,raw,raw,7,8,benign,-0.00854158679027335,0.5143683165673589,0.786315899286341,1.9477493477232758e-54,1.0,0.0,False,0.2905174870021914,False
2028,raw,raw,7,2,benign,0.013035488534459738,0.532005277439668,0.78902853586566,1.2361365446016985e-26,1.0,5.1682902720068165e-288,False,0.2905174870021914,False
2028,raw,effective,7,19,heterogeneous,-0.009380398229827946,0.19651662545468146,0.7560885894690502,1.0,4.1269731255325874e-91,0.0,False,9.501464472080313e-92,False
2028,raw,effective,7,10,benign,0.07336977794304876,0.19012425433105204,0.7518173517573923,0.0,0.9999490343311309,5.096566886900425e-05,False,0.23021667296081924,False
2028,raw,effective,7,6,benign,0.022238603111685892,0.1912692680773176,0.7593789376280499,0.9999785994206303,2.1400579369702182e-05,2.3899345147565127e-281,False,0.025604169979739532,False
2028,raw,effective,7,5,benign,0.08568463631315065,0.20126074592784418,0.7504831828847106,0.0,2.587176484616569e-66,1.0,True,5.956415199193636e-67,False
2028,raw,effective,7,17,heterogeneous,0.04647031850520159,0.2021605593902494,0.7548248929809176,1.0,2.0422489223322364e-94,8.019660940392218e-18,False,0.05349393694276223,False
2028,raw,effective,7,4,benign,0.10091783154290716,0.20718947123516315,0.7489297351183437,0.0,1.2027178617406536e-141,1.0,True,2.7689981702486832e-142,False
2028,raw,effective,7,15,heterogeneous,-0.017366884191671993,0.18228915525094888,0.755591648431399,0.0,1.0,0.0,False,0.23022840670555964,False
2028,raw,effective,7,12,benign,0.18558946579739877,0.18952155575069646,0.7412137116666077,0.0,8.233962861374956e-23,1.0,True,1.8956921504471075e-23,False
2028,raw,effective,7,8,benign,-0.03645824226504391,0.17467896450764134,0.7480807381872221,0.0,1.0,0.0,False,0.23022840670555964,False
2028,raw,effective,7,2,benign,0.03431222869231769,0.18458224094232398,0.7525871191340171,0.0,1.0,0.0,False,0.23022840670555964,False
2028,raw,raw,8,13,benign,0.04790001932200001,0.5270682523478137,0.7863524584311493,0.0,1.0,0.0,False,0.14204892130439065,False
2028,raw,raw,8,12,benign,0.026786638920089936,0.577105560761452,0.8005746115338754,0.0,4.104962230191684e-07,0.9999995895037771,True,5.831054567939944e-08,False
2028,raw,raw,8,1,benign,0.011922979489582052,0.546007846025239,0.7967607323005962,0.0,1.0,0.0,False,0.14204892130439065,False
2028,raw,raw,8,4,benign,-0.014940632787162898,0.5319629811363413,0.7878260332560838,0.0,1.0,0.0,False,0.14204892130439065,False
2028,raw,raw,8,0,benign,0.02598016248347772,0.5550309149564117,0.7877859239896977,0.0,1.0,0.0,False,0.14204892130439065,False
2028,raw,raw,8,19,heterogeneous,-0.00499296136832978,0.585375619106315,0.7984310002879423,0.0,4.792504463298079e-06,0.9999952074955365,True,6.807700893579698e-07,False
2028,raw,raw,8,11,benign,0.009565488289568689,0.5921640892921604,0.7845093890519294,0.0,1.0,0.0,False,0.14204892130439065,False
2028,raw,raw,8,3,benign,0.0022431014138928848,0.5572926103249238,0.7918397905828799,0.0,1.0,0.0,False,0.14204892130439065,False
2028,raw,raw,8,18,heterogeneous,0.09854456381155575,0.5993864056272785,0.7955555698349133,0.9999999999985985,1.4012572848411122e-12,0.0,False,0.06999074494931687,False
2028,raw,raw,8,10,benign,0.10942003279621138,0.5588097045176863,0.7942561249648468,0.9999999999263239,7.367639475680079e-11,0.0,False,0.07771498814370428,False
2028,raw,effective,8,13,benign,0.055665716985205095,0.17803785443031198,0.7498747020894292,4.637767448443033e-08,0.9999999536223261,0.0,False,0.6437731287940983,False
2028,raw,effective,8,12,benign,0.038833274964939365,0.19139893680735667,0.7558901939714222,1.0,0.0,0.0,False,0.1249990988111527,False
2028,raw,effective,8,1,benign,0.018636728065627793,0.18628546821395991,0.7548241538821642,1.0,0.0,0.0,False,0.059989125694272456,False
2028,raw,effective,8,4,benign,0.0002368179617306027,0.18964595099907702,0.7493064297162889,1.0,0.0,0.0,False,0.0007622852264030163,False
2028,raw,effective,8,0,benign,0.009028038847979859,0.19208494485682756,0.745309159820165,1.0,0.0,0.0,False,0.029060045052816775,False
2028,raw,effective,8,19,heterogeneous,-0.017208456683184416,0.20162856918415759,0.7625404550388121,1.0,0.0,0.0,False,0.0,False
2028,raw,effective,8,11,benign,0.03672620250164119,0.19359938905535048,0.7514345860420468,1.0,0.0,0.0,False,0.11821671542268337,False
2028,raw,effective,8,3,benign,0.007207383838923717,0.19274922956147486,0.748137687772958,1.0,0.0,0.0,False,0.023199600998497386,False
2028,raw,effective,8,18,heterogeneous,0.10160411854540623,0.21097528903560386,0.7449714593174195,1.5215912550119315e-25,0.0,1.0,True,4.9763644645456817e-26,False
2028,raw,effective,8,10,benign,0.1174821681023314,0.1947063356936134,0.7511270470943888,2.0144942570700005e-13,0.0,0.9999999999997985,True,7.617997931849761e-14,False
2028,raw,raw,9,15,heterogeneous,0.06745877723715392,0.5350375854739655,0.7968495209054506,1.0,0.0,0.0,False,0.12321271320773151,False
2028,raw,raw,9,1,benign,0.019662623578511212,0.5552027712668481,0.7934503617820273,1.0,0.0,0.0,False,0.03591356527814963,False
2028,raw,raw,9,19,heterogeneous,0.13330990787946514,0.5724580215368874,0.7951241547994974,3.7698184230665906e-07,0.0,0.9999996230181579,True,9.179096106527373e-08,False
2028,raw,raw,9,10,benign,0.0767458554260253,0.5553215700739844,0.787612605450708,2.084507062785037e-09,0.0,0.9999999979154933,True,2.921967346759249e-10,False
2028,raw,raw,9,11,benign,-0.02218185788089034,0.5502760393646495,0.7951234657150884,1.0,0.0,0.0,False,0.0,False
2028,raw,raw,9,16,heterogeneous,0.039271008501080354,0.5301698963002749,0.7802125195740752,4.4471393825545254e-24,1.0,0.0,False,0.3652977959400968,False
2028,raw,raw,9,8,benign,0.0573510858876611,0.512989236160155,0.7865030106185336,1.3216810115730934e-16,1.0,0.0,False,0.3652977959400968,False
2028,raw,raw,9,3,benign,-0.02894661710327777,0.5422922033261967,0.789975837107143,1.0,0.0,0.0,False,0.0,False
2028,raw,raw,9,6,benign,0.05361868701040695,0.5622530362776336,0.7939316255247761,1.0,0.0,0.0,False,0.0979339409305178,False
2028,raw,raw,9,9,benign,0.006758374541232535,0.5427178212153231,0.7950559918351624,1.0,0.0,0.0,False,0.01234409662024954,False
2028,raw,effective,9,15,heterogeneous,0.06871011473995803,0.18696600461322396,0.7520121011404061,1.0,0.0,0.0,False,0.12655872670212417,False
2028,raw,effective,9,1,benign,0.025060092072021863,0.19400441941143257,0.7489634537397731,1.0,0.0,0.0,False,0.04615875487439218,False
2028,raw,effective,9,19,heterogeneous,0.15482547027496968,0.2002048041730652,0.7515316168556545,2.0366705157099682e-08,0.0,0.9999999796332946,True,5.808106980539483e-09,False
2028,raw,effective,9,10,benign,0.04914070899513929,0.1964484655916213,0.7491278846253033,1.0,0.0,0.0,False,0.09051339214323435,False
2028,raw,effective,9,11,benign,-0.005223834334925825,0.19682066925519276,0.7481287241928046,1.0,0.0,0.0,False,0.0,False
2028,raw,effective,9,16,heterogeneous,0.01354410945737875,0.18461200822912913,0.740499046013898,1.3692116049257824e-30,1.0,0.0,False,0.3683845593362823,False
2028,raw,effective,9,8,benign,0.05082455859057917,0.1821929014651589,0.7427248721524843,2.5310389408387825e-29,1.0,0.0,False,0.3683845593362823,False
2028,raw,effective,9,3,benign,-0.06399284884697655,0.19569231236629275,0.74494843202328,1.0,0.0,0.0,False,0.0,False
2028,raw,effective,9,6,benign,0.07877622997414246,0.2006744338136857,0.7518634255893676,1.2402349188377981e-08,0.0,0.9999999875976507,True,1.7995775660506345e-09,False
2028,raw,effective,9,9,benign,-0.037489922689589936,0.18978598776452552,0.7513896374182836,1.0,0.0,0.0,False,0.0,False
2028,raw,raw,10,15,heterogeneous,0.10397383538581784,0.5626919873582569,0.7950811950391267,0.0,0.0,1.0,True,0.0,False
2028,raw,raw,10,2,benign,0.034345514318813615,0.5746204845304602,0.796027497118224,0.0,0.0,1.0,True,0.0,False
2028,raw,raw,10,17,heterogeneous,0.022707953016013287,0.5624503896317714,0.7996530356606418,0.0,0.0,1.0,True,0.0,False
2028,raw,raw,10,6,benign,0.05072702713783681,0.5717782366036426,0.8025835668607403,0.0,0.0,1.0,True,0.0,False
2028,raw,raw,10,14,benign,0.0004246887713240335,0.5419322900774319,0.789185401396934,0.9999999999620917,0.0,3.790812729913467e-11,False,0.0010605958869942152,False
2028,raw,raw,10,18,heterogeneous,0.10288183073328573,0.5648574795585865,0.7971913068483153,0.0,0.0,1.0,True,0.0,False
2028,raw,raw,10,7,benign,0.04675326474100776,0.5442880915095412,0.7912200529705785,6.947195898873133e-290,0.9999999686315318,3.136846848115859e-08,False,0.49946969422270315,False
2028,raw,raw,10,11,benign,-0.08582917007323368,0.54343969705559,0.7879116588498618,1.0,0.0,1.2902722888341793e-16,False,0.0,False
2028,raw,raw,10,3,benign,0.03846810794801207,0.5619333434696423,0.7939518070693191,0.0,0.0,1.0,True,0.0,False
2028,raw,raw,10,13,benign,0.07559311644983929,0.5277747509881656,0.7891327055472888,0.0,1.0,6.887982466918593e-17,False,0.49946970989030276,False
2028,raw,effective,10,15,heterogeneous,0.07134432906448072,0.1946034045693409,0.7505305834183688,1.0,0.0,0.0,False,0.10816896250497901,False
2028,raw,effective,10,2,benign,-0.010662350789246478,0.19469671587446222,0.7534234297638538,3.9130203386729996e-20,1.0,0.0,False,0.3032307232358057,False
2028,raw,effective,10,17,heterogeneous,0.04679128720356112,0.2026462554395616,0.756577980219961,1.2143679444883678e-12,0.0,0.9999999999987859,True,8.615063707404444e-14,False
2028,raw,effective,10,6,benign,0.05884774023577918,0.20417813553354258,0.7487001941475242,1.0,0.0,6.300147689934153e-135,False,0.08922221416244072,False
2028,raw,effective,10,14,benign,0.013995681160800449,0.19297522692935426,0.7435006459230697,1.0,0.0,0.0,False,0.021219602602836302,False
2028,raw,effective,10,18,heterogeneous,0.06054158644524615,0.20342566058413855,0.7521822245328812,0.0001576613029928351,0.0,0.9998423386970072,True,1.4471785429259653e-05,False
2028,raw,effective,10,7,benign,0.0729039912739441,0.19533532880474297,0.7513883024436356,1.0,0.0,0.0,False,0.11053365000387469,False
2028,raw,effective,10,11,benign,-0.0973931176761175,0.1925031653185545,0.7527118229269102,2.7690592533757795e-54,1.0,0.0,False,0.3032307232358057,False
2028,raw,effective,10,3,benign,0.006249990438601193,0.20111508977523937,0.7469920344980469,1.0,0.0,0.0,False,0.009475945604569552,False
2028,raw,effective,10,13,benign,0.03621249606787198,0.18394365511968475,0.7461477385970381,1.0,0.0,0.0,False,0.05490370686417296,False
2028,effective,raw,1,4,benign,0.876683307693359,1.4518586972914076,0.909447445233105,3.8523039410244434e-227,0.0,1.0,True,1.1211856739790009e-227,False
2028,effective,raw,1,17,heterogeneous,0.8133685702447515,1.4021317517853775,0.9056967843350959,3.149503977518521e-286,1.0,2.6590147687231614e-59,False,0.06639635725230546,False
2028,effective,raw,1,16,heterogeneous,0.8356648114069695,1.5095563143179047,0.9047404031968241,0.0,0.0,1.0,True,0.0,False
2028,effective,raw,1,1,benign,0.8811292248658393,1.4414124142347475,0.9033734451080703,0.9999999987909893,0.0,1.2090108522186215e-09,False,0.29251885364453784,False
2028,effective,raw,1,11,benign,0.8775416614885359,1.419326082961192,0.9110610676899609,0.0,0.0,1.0,True,0.0,False
2028,effective,raw,1,2,benign,0.8611947126684673,1.4251474216608107,0.9014029194375691,1.0,0.0,3.114342325265185e-21,False,0.2859009590306605,False
2028,effective,raw,1,12,benign,0.8843405499271677,1.4237041000059791,0.9084982450860869,0.0,0.0,1.0,True,0.0,False
2028,effective,raw,1,19,heterogeneous,0.8226498390886374,1.4243055257970032,0.8975927385918371,0.0,1.0,7.740380373265246e-63,False,0.06639635725230546,False
2028,effective,raw,1,14,benign,0.8698895083465935,1.432843991748806,0.9032364675846529,0.9999999999623498,0.0,3.76503560732498e-11,False,0.2887874728201909,False
2028,effective,raw,1,7,benign,0.8656081660465388,1.4582001194265863,0.9071640682506547,0.0,0.0,1.0,True,0.0,False
2028,effective,effective,1,4,benign,0.8366510902666089,0.9811600886268886,0.7539818527269727,0.0,0.0,1.0,True,0.0,False
2028,effective,effective,1,17,heterogeneous,0.737022722867548,0.9571625071298003,0.7509302609937043,0.0,1.0,2.42633125500939e-273,False,0.0693660360047193,False
2028,effective,effective,1,16,heterogeneous,0.7668055544091171,1.0037835372837218,0.7509327563883443,0.0,0.0,1.0,True,0.0,False
2028,effective,effective,1,1,benign,0.8395005832625526,0.980776379788695,0.7504730305161901,0.9999999992205648,0.0,7.794353596436997e-10,False,0.29116413819592185,False
2028,effective,effective,1,11,benign,0.8357242176952361,0.9760151243313088,0.7549572333809605,0.0,0.0,1.0,True,0.0,False
2028,effective,effective,1,2,benign,0.8202356111733949,0.9678728361799184,0.7493845960068901,1.0,0.0,1.1096165239603227e-48,False,0.28448246468503324,False
2028,effective,effective,1,12,benign,0.8469739113930029,0.9739913726963211,0.7535456626387004,0.0,0.0,1.0,True,0.0,False
2028,effective,effective,1,19,heterogeneous,0.7548925125440813,0.9594107198291618,0.7495379787997891,3.482587041280898e-221,1.0,1.0191319507759315e-216,False,0.0693660360047193,False
2028,effective,effective,1,14,benign,0.8235192366770797,0.9756591602521552,0.7500772597266823,1.0,0.0,1.249585541110346e-19,False,0.2856213251096063,False
2028,effective,effective,1,7,benign,0.8230918750965814,0.9831375761125237,0.7533491350037689,0.0,0.0,1.0,True,0.0,False
2028,effective,raw,2,14,benign,0.14176277103634125,0.583773291486998,0.7858432733277765,1.0,0.0,0.0,False,0.14390881739313904,False
2028,effective,raw,2,8,benign,0.11598876961255687,0.5596940907360476,0.7805993491206212,1.674720113275463e-09,0.9999999983252802,0.0,False,0.20302765844639317,False
2028,effective,raw,2,17,heterogeneous,0.0864014953698258,0.5536700306022954,0.7880163184541946,1.0,0.0,0.0,False,0.0877094665177146,False
2028,effective,raw,2,13,benign,0.14379633763143673,0.5392746947588223,0.7726862081959468,3.06890860650399e-44,1.0,0.0,False,0.20302765858921829,False
2028,effective,raw,2,9,benign,0.19598148122281106,0.590473689876757,0.7932912915607087,6.564334057965737e-09,0.0,0.9999999934356661,True,1.305963142803744e-09,False
2028,effective,raw,2,7,benign,0.09897440520529227,0.577341671620032,0.7884941744801602,1.0,8.981169058911889e-49,0.0,False,0.10047270874545514,False
2028,effective,raw,2,18,heterogeneous,0.18143703509468992,0.6062852624462096,0.7959592142608296,1.0214495223401038e-15,0.0,0.9999999999999992,True,1.8813433408675027e-16,False
2028,effective,raw,2,1,benign,0.057948784733718374,0.5634009311067832,0.7852910501339099,1.0,0.0,0.0,False,0.0588260304128874,False
2028,effective,raw,2,16,heterogeneous,0.13169942746788443,0.5473053554647445,0.7776016555074865,1.4579304391041275e-21,1.0,0.0,False,0.20302765858921829,False
2028,effective,raw,2,3,benign,0.2114755315722954,0.5552447318022283,0.7872634542959721,5.02677344743815e-14,0.0,0.9999999999999498,True,1.0791321915701228e-14,False
2028,effective,effective,2,14,benign,0.12300425573680906,0.19785582276814748,0.7443199488252775,1.0,0.0,0.0,False,0.16502958028404657,False
2028,effective,effective,2,8,benign,0.038519999692222084,0.17945917821723822,0.7555312670252345,1.0,0.0,0.0,False,0.05168064587416302,False
2028,effective,effective,2,17,heterogeneous,0.05075105326359127,0.1837191223709943,0.7522416065039913,1.0,0.0,0.0,False,0.06809053043647993,False
2028,effective,effective,2,13,benign,0.1349256695719589,0.1694403495654127,0.7600980838364699,8.166940896562272e-27,1.0,0.0,False,0.26833149681773394,False
2028,effective,effective,2,9,benign,0.18357614102114805,0.2012028138633604,0.7625756269118906,4.0246726742149004e-131,0.0,1.0,True,9.912620024611793e-132,False
2028,effective,effective,2,7,benign,0.09156167848273095,0.20159081040250135,0.7559476745117732,7.315383674637889e-35,0.0,1.0,True,8.986540001550201e-36,False
2028,effective,effective,2,18,heterogeneous,0.1260290037875647,0.20719172490697987,0.7558913202483971,6.964501196405508e-60,0.0,1.0,True,1.1776118799611955e-60,False
2028,effective,effective,2,1,benign,0.04679845533876048,0.19028323721336396,0.7518244193463883,1.0,0.0,0.0,False,0.06278749784903737,False
2028,effective,effective,2,16,heterogeneous,0.0862729521457769,0.18763233647973795,0.7517228792166095,1.0,0.0,0.0,False,0.11574875192080523,False
2028,effective,effective,2,3,benign,0.20521113562837073,0.18491884258806732,0.7542133680682892,2.659783828726511e-37,1.0,0.0,False,0.26833149681773394,False
2028,effective,raw,3,11,benign,0.128932485729529,0.5132472051078726,0.7777394118251434,0.0,1.0,0.0,False,0.17665184585142432,False
2028,effective,raw,3,10,benign,0.09287373052408256,0.6188618871949981,0.7960382551325114,9.167574387453956e-97,0.0,1.0,True,7.52030608478623e-98,False
2028,effective,raw,3,16,heterogeneous,0.10024224865045805,0.5614209877252563,0.7921756211280719,1.0,0.0,0.0,False,0.08853989128200432,False
2028,effective,raw,3,13,benign,0.0975510871342215,0.5286658793001747,0.7851575742588527,1.3179908152404199e-53,1.0,0.0,False,0.17665184585142432,False
2028,effective,raw,3,8,benign,0.06508121155568447,0.5534621574553488,0.787956093275379,0.9999627186433544,3.728135664560845e-05,0.0,False,0.057488023512385335,False
2028,effective,raw,3,7,benign,0.08511486387332957,0.5404521305848848,0.7833445709206299,9.861372098306388e-208,1.0,0.0,False,0.17665184585142432,False
2028,effective,raw,3,4,benign,0.04580956951622367,0.5076108329538803,0.7805053886814959,1.0,0.0,0.0,False,0.04046172506350025,False
2028,effective,raw,3,2,benign,0.05302893677221812,0.5608186720293509,0.7883659436891784,0.9995682104619572,0.00043178953804285725,0.0,False,0.04689434995368945,False
2028,effective,raw,3,9,benign,0.11949574029321222,0.5136555907291571,0.7864236861034909,4.8129500878386584e-11,0.9999999999518706,0.0,False,0.17665184584800203,False
2028,effective,raw,3,14,benign,0.067939994056577,0.5080937604816109,0.7824432144609347,1.0,0.0,0.0,False,0.06000862678614562,False
2028,effective,effective,3,11,benign,0.16185470726850715,0.1719234153943409,0.7475283247715003,1.0478558297770875e-07,0.999999895214417,0.0,False,0.1863376301481514,False
2028,effective,effective,3,10,benign,0.1138487326470536,0.20757199037738375,0.744065902158947,7.933113417128306e-12,0.0,0.9999999999920668,True,8.414773770994576e-13,False
2028,effective,effective,3,16,heterogeneous,0.08465889188810294,0.18412691984458465,0.7543482668020864,1.0,0.0,0.0,False,0.07887568800334918,False
2028,effective,effective,3,13,benign,0.09554529467201163,0.17290517921508256,0.7512275632682457,1.0,3.857393971644901e-170,0.0,False,0.0890184206840145,False
2028,effective,effective,3,8,benign,0.06379214997248187,0.1824031048558446,0.7605861614903092,1.0,0.0,0.0,False,0.059434391427457774,False
2028,effective,effective,3,7,benign,0.1020790701615611,0.18521623239461654,0.7525337862558749,1.0,0.0,0.0,False,0.09510586200888799,False
2028,effective,effective,3,4,benign,0.05443862169299646,0.1756943611334667,0.7489181786828304,1.0,0.0,0.0,False,0.05071981978767858,False
2028,effective,effective,3,2,benign,0.07296693457838356,0.19194382716396274,0.7511619444458912,1.0,0.0,0.0,False,0.0679824297012109,False
2028,effective,effective,3,9,benign,0.15508495516548476,0.16989275135660126,0.7552063580047984,1.6233935867528146e-07,0.9999998376606414,0.0,False,0.18633762707879525,False
2028,effective,effective,3,14,benign,0.11323112775419761,0.1708797923658495,0.7480105054031656,0.0018493305278797774,0.9981506694721203,0.0,False,0.1861881311596128,False
2028,effective,raw,4,1,benign,0.12044745640564083,0.5366804436038991,0.7876520473548377,0.0,1.0,0.0,False,0.16064185001049833,False
2028,effective,raw,4,7,benign,-0.058251352735379104,0.6095968651080809,0.7917959300971908,0.0,3.099937313885077e-21,1.0,True,4.979796650190736e-22,False
2028,effective,raw,4,9,benign,0.13454261917434296,0.5051855276693645,0.7887827251967257,0.0,1.0,0.0,False,0.16064185001049833,False
2028,effective,raw,4,14,benign,0.061243685495408685,0.5250150410088481,0.7776209954765414,0.0,1.0,0.0,False,0.16064185001049833,False
2028,effective,raw,4,8,benign,0.03657273697464399,0.5405390554064179,0.7950014282963553,0.9998967702427825,0.00010322975721755343,0.0,False,0.02938911122495363,False
2028,effective,raw,4,2,benign,0.1121335750835232,0.5497143227064686,0.8004656990046438,0.9999875842326055,1.2415767394546734e-05,0.0,False,0.09006760099288053,False
2028,effective,raw,4,15,heterogeneous,0.028432385820659288,0.5274358251930059,0.78741314460266,0.0,1.0,0.0,False,0.16064185001049833,False
2028,effective,raw,4,10,benign,0.18304008648593653,0.5302287248220622,0.7917171348424527,0.0,1.0,0.0,False,0.16064185001049833,False
2028,effective,raw,4,16,heterogeneous,-0.06052904753588274,0.5681596498222887,0.7902688438453789,5.1786586404729215e-179,5.1967381238042724e-11,0.9999999999480327,True,8.348136262280046e-12,False
2028,effective,raw,4,5,benign,0.09628130865633673,0.5868271145679189,0.7992727697538061,0.9999999999832283,1.677172375440295e-11,0.0,False,0.07733403772132591,False
2028,effective,effective,4,1,benign,0.1404404431325116,0.1815227547739641,0.7547685741895684,0.0,1.0,0.0,False,0.14359519026725445,False
2028,effective,effective,4,7,benign,-0.011240528324286295,0.20654865281088836,0.7440712644429897,0.0,2.3656785846977113e-20,1.0,True,3.397000664808371e-21,False
2028,effective,effective,4,9,benign,0.18528239255671528,0.17101583235315773,0.7525809117989246,0.0,1.0,0.0,False,0.14359519026725445,False
2028,effective,effective,4,14,benign,0.08647178010854122,0.17826072143051902,0.7460884641782548,0.0,1.0,0.0,False,0.14359519026725445,False
2028,effective,effective,4,8,benign,0.05146752975211416,0.1854973007522375,0.7599055070330653,0.9999960072006616,3.9927993386712025e-06,0.0,False,0.03695287443977033,False
2028,effective,effective,4,2,benign,0.14254216515970178,0.1765223814595272,0.7627116926775678,0.0,1.0,0.0,False,0.14359519026725445,False
2028,effective,effective,4,15,heterogeneous,0.013496033029078319,0.1696679633194808,0.7553286531298861,0.0,1.0,0.0,False,0.14359519026725445,False
2028,effective,effective,4,10,benign,0.19939343956167097,0.17570737640396483,0.7541457866425311,0.0,1.0,0.0,False,0.14359519026725445,False
2028,effective,effective,4,16,heterogeneous,-0.08633848296537562,0.19201355465093586,0.7504824291625419,0.0,1.1590821145106761e-11,0.9999999999884093,True,1.6643861676853216e-12,False
2028,effective,effective,4,5,benign,0.14133618788508792,0.20280858455335884,0.7609811467699603,0.999999999999992,8.071135693252528e-15,0.0,False,0.10147598395503847,False
2028,effective,raw,5,11,benign,0.04160268458046969,0.5334297023018199,0.7948480884282826,1.0,0.0,0.0,False,0.05846482632439644,False
2028,effective,raw,5,15,heterogeneous,0.013022216349385914,0.5266004742431976,0.786977225694339,3.7533159696158385e-20,1.0,0.0,False,0.2810627579155921,False
2028,effective,raw,5,6,benign,0.048910384702173494,0.54866965766653,0.7920346181229283,1.0,0.0,0.0,False,0.06873443807552734,False
2028,effective,raw,5,7,benign,0.0001737107351189387,0.591496827896894,0.7989277316142215,1.681220237682349e-10,0.0,0.9999999998318776,True,4.1041627574756304e-14,False
2028,effective,raw,5,17,heterogeneous,0.08690722229093915,0.5437598428183609,0.7907019989336215,1.0,0.0,0.0,False,0.12213191789937392,False
2028,effective,raw,5,19,heterogeneous,0.03603461916312829,0.5628984425452257,0.7943148179898466,1.0,0.0,0.0,False,0.05063994721213441,False
2028,effective,raw,5,0,benign,-0.014036957631130326,0.6059703172422274,0.788156898330369,1.0548971065112085e-28,0.0,1.0,True,0.0,False
2028,effective,raw,5,9,benign,0.04262926025456843,0.5143841251647109,0.7809131679554628,6.932255793824413e-42,1.0,0.0,False,0.2810627579155921,False
2028,effective,raw,5,13,benign,0.014457819452606517,0.543260458469785,0.7938054119179598,1.0,0.0,0.0,False,0.020317773043976417,False
2028,effective,raw,5,16,heterogeneous,0.08367211827379788,0.5364214168772442,0.7899956946777829,1.0,0.0,0.0,False,0.11758558161336621,False
2028,effective,effective,5,11,benign,0.04371982390138568,0.1800412004159074,0.7529754989518137,0.0,1.0,0.0,False,0.16666666666570612,False
2028,effective,effective,5,15,heterogeneous,0.013138634290288538,0.1809072939028064,0.7486411746289676,0.0,1.0,0.0,False,0.16666666666570612,False
2028,effective,effective,5,6,benign,0.06599043192285464,0.1894170518624323,0.7496201002507847,0.0,1.0,0.0,False,0.16666666666570612,False
2028,effective,effective,5,7,benign,0.04182279523145948,0.2040963070057943,0.7558656306029928,0.0,1.248063980601456e-16,1.0,True,2.080106634323772e-17,False
2028,effective,effective,5,17,heterogeneous,0.07768382054999282,0.18619321454296806,0.7520590495821556,0.0,1.0,0.0,False,0.16666666666570612,False
2028,effective,effective,5,19,heterogeneous,0.058045284796826156,0.19299962467099088,0.7614400410667852,0.0,1.2457667153183072e-20,1.0,True,2.0762778588518793e-21,False
2028,effective,effective,5,0,benign,-0.052057163541655106,0.19991479803953416,0.7574065308169924,1.0,3.720244487810407e-44,0.0,False,6.200407479648276e-45,False
2028,effective,effective,5,9,benign,0.0664983577009292,0.17317808661352133,0.752321331574035,0.0,1.0,0.0,False,0.16666666666570612,False
2028,effective,effective,5,13,benign,-0.0013699378458604916,0.17925666296445317,0.7554245891595727,0.9999999999654197,3.4579998222920584e-11,0.0,False,5.763333037120215e-12,False
2028,effective,effective,5,16,heterogeneous,0.0897405998081169,0.18653639849816706,0.7546155106041099,0.0,1.0,0.0,False,0.16666666666570612,False
2028,effective,raw,6,3,benign,0.09031297543238197,0.5271528932677342,0.787592094455871,1.6152993116184971e-25,1.0,0.0,False,0.2062948975023965,False
2028,effective,raw,6,10,benign,0.09452536609291416,0.5608494595448664,0.7896636888318518,1.0,0.0,0.0,False,0.09750050354757117,False
2028,effective,raw,6,15,heterogeneous,0.022775637136988745,0.5564448258766326,0.7850351491754836,1.0,0.0,0.0,False,0.023492488643634343,False
2028,effective,raw,6,17,heterogeneous,0.05218492392453701,0.568179048845109,0.7894757602492736,1.0,0.0,0.0,False,0.053827417660913604,False
2028,effective,raw,6,9,benign,0.023153566980368544,0.522726335631594,0.785619467841372,1.7209283068705555e-26,1.0,0.0,False,0.2062948975023965,False
2028,effective,raw,6,12,benign,0.14603345693467842,0.5598404111355384,0.8003123445206524,2.2960472616965834e-14,0.0,0.999999999999977,True,3.458531057265884e-15,False
2028,effective,raw,6,16,heterogeneous,-0.045111227602086,0.5624565171682712,0.7938354086719194,1.0,0.0,0.0,False,0.0,False
2028,effective,raw,6,13,benign,0.06608753134097879,0.5269710060624584,0.7844566603990707,2.369772027926677e-21,1.0,0.0,False,0.2062948975023965,False
2028,effective,raw,6,18,heterogeneous,0.04360426898796408,0.5821336342098118,0.8025426425103636,3.0747351702716836e-09,0.0,0.999999996925265,True,1.3829141368380163e-10,False
2028,effective,raw,6,11,benign,-0.021873889844724874,0.5201216102635867,0.7877110079086884,6.256228939093436e-31,1.0,0.0,False,0.2062948975023965,False
2028,effective,effective,6,3,benign,0.08053405466764059,0.17644979751281048,0.7482378021534745,0.0,1.0,3.6215848119003222e-22,False,0.3291447255579666,False
2028,effective,effective,6,10,benign,0.07868567844178065,0.1893520757433255,0.7536588513229249,0.0,0.0,1.0,True,0.0,False
2028,effective,effective,6,15,heterogeneous,0.007635439580708811,0.18439308473085436,0.7495531376145975,0.9999999999999997,0.0,2.7833240478101694e-16,False,0.01256582332653418,False
2028,effective,effective,6,17,heterogeneous,0.07477911520580001,0.1978525050406674,0.7548839299943526,0.0,0.0,1.0,True,0.0,False
2028,effective,effective,6,9,benign,0.05011200003211268,0.17538568707383093,0.7448133364713975,0.0,1.0,1.2379822422980534e-53,False,0.3291447255579666,False
2028,effective,effective,6,12,benign,0.15534354777474338,0.19244947390950162,0.75315756349941,0.0,0.0,1.0,True,0.0,False
2028,effective,effective,6,16,heterogeneous,-0.048561559859449314,0.1928646677219608,0.7519540121632606,0.9999999811945678,0.0,1.8805432273338436e-08,False,0.0,False
2028,effective,effective,6,13,benign,0.08262664118124198,0.17552225276265482,0.7464402245240724,2.2467441378329205e-12,0.9999999999977534,2.2764410610491082e-35,False,0.3291447255575326,False
2028,effective,effective,6,18,heterogeneous,0.04700730323086161,0.19771069599015675,0.7534664577690645,0.0,0.0,1.0,True,0.0,False
2028,effective,effective,6,11,benign,-0.005412680034303477,0.1736102493146143,0.7485849456358313,1.0,0.0,4.073313749064568e-27,False,0.0,False
2028,effective,raw,7,19,heterogeneous,0.0072956836661536946,0.586308201435612,0.8025276667337146,0.0,0.0,1.0,True,0.0,False
2028,effective,raw,7,10,benign,0.06555492760507661,0.5429853296940825,0.790898878962657,0.999999799109452,0.0,2.0089054824631104e-07,False,0.10843001590001793,False
2028,effective,raw,7,6,benign,0.023620246782693744,0.5633522929306538,0.7980389302838028,0.0,0.0,1.0,True,0.0,False
2028,effective,raw,7,5,benign,0.04186239141720303,0.566639220393488,0.7944767058986576,0.0,0.0,1.0,True,0.0,False
2028,effective,raw,7,17,heterogeneous,0.006110755063707556,0.5823943173924678,0.8013468147964365,0.0,0.0,1.0,True,0.0,False
2028,effective,raw,7,4,benign,0.038308032886578615,0.597617832929535,0.8015519424923756,0.0,0.0,1.0,True,0.0,False
2028,effective,raw,7,15,heterogeneous,0.011657990479580653,0.5563097096407776,0.7917385197825642,0.0,0.0,1.0,True,0.0,False
2028,effective,raw,7,12,benign,0.13903569714845684,0.5510563191900062,0.7890792643956871,1.0,0.0,7.493892377215562e-21,False,0.22996968239904741,False
2028,effective,raw,7,8,benign,0.00455814459210939,0.5157537901506765,0.7884826582228601,0.0,0.9999999516306909,4.836930881053506e-08,False,0.33080665755934635,False
2028,effective,raw,7,2,benign,0.03407182459695572,0.5370312238483259,0.785968389848009,0.0,0.9999606131928712,3.9386807128652154e-05,False,0.3307936441415882,False
2028,effective,effective,7,19,heterogeneous,-0.0006750597458808647,0.2006295105918281,0.7568009786358931,1.0,0.0,0.0,False,0.0,False
2028,effective,effective,7,10,benign,0.06409685409916022,0.18909730855796794,0.7501857059909135,1.0,0.0,0.0,False,0.14391690831812426,False
2028,effective,effective,7,6,benign,0.04102465656506676,0.19550222215287408,0.7557589655019971,1.0,0.0,0.0,False,0.092112816153556,False
2028,effective,effective,7,5,benign,0.05731095155404664,0.1978097897201108,0.7513913010061944,1.0,0.0,0.0,False,0.12868049573335075,False
2028,effective,effective,7,17,heterogeneous,0.04532633932557545,0.20066759666819955,0.7564328229247154,1.0,0.0,0.0,False,0.10177140068408597,False
2028,effective,effective,7,4,benign,0.07016296088211292,0.21043177630442814,0.7490100334589825,1.4559075468919011e-05,0.0,0.9999854409245311,True,2.2935954127025713e-06,False
2028,effective,effective,7,15,heterogeneous,-0.019896178654561558,0.18505367074416498,0.7608675314370305,1.0,0.0,0.0,False,0.0,False
2028,effective,effective,7,12,benign,0.175285209775005,0.19235884650951,0.7442557811728412,6.449172822629191e-11,0.0,0.9999999999355085,True,2.5381915499510084e-11,False
2028,effective,effective,7,8,benign,-0.033972336841089676,0.17478534066394716,0.7481922970766832,1.8230377983018525e-16,1.0,0.0,False,0.4490607545121621,False
2028,effective,effective,7,2,benign,0.037614211497806964,0.1874546173082533,0.7511619495995135,1.0,0.0,0.0,False,0.08445533097792618,False
2028,effective,raw,8,13,benign,0.04905071278472199,0.5285023637632569,0.7828799641365873,0.0,0.9999997283009906,2.716990090370858e-07,False,0.37802724870336746,False
2028,effective,raw,8,12,benign,0.0328055119158569,0.584978117127721,0.7974891034092285,0.0,0.0,1.0,True,0.0,False
2028,effective,raw,8,1,benign,0.0079277011094106,0.5463963732021747,0.7921463496815464,0.0,0.0,1.0,True,0.0,False
2028,effective,raw,8,4,benign,-0.041352396005006696,0.5331859975406901,0.7838769448111622,0.0,0.999989905521889,1.0094478111014743e-05,False,0.3780235354242002,False
2028,effective,raw,8,0,benign,0.027106813066822232,0.5525658407001913,0.7900642391416447,0.0,0.0,1.0,True,0.0,False
2028,effective,raw,8,19,heterogeneous,0.0027305634914633753,0.5788399433322712,0.8007262164978247,0.0,0.0,1.0,True,0.0,False
2028,effective,raw,8,11,benign,0.01031308206090383,0.5777652977919895,0.7915534081041117,0.0,0.0,1.0,True,0.0,False
2028,effective,raw,8,3,benign,0.016970488715004207,0.5715029898025562,0.7931388133458586,0.0,0.0,1.0,True,0.0,False
2028,effective,raw,8,18,heterogeneous,0.09863902563651812,0.614138926794123,0.7994912811158122,0.0,0.0,1.0,True,0.0,False
2028,effective,raw,8,10,benign,0.12906432032527737,0.553555684548502,0.7928242237388919,0.9999999999999947,0.0,4.5688298271269194e-15,False,0.24394921587243248,False
2028,effective,effective,8,13,benign,0.06440107028528098,0.18259012065774158,0.7443239905402621,5.540679073741707e-21,1.0,0.0,False,0.22064840284885434,False
2028,effective,effective,8,12,benign,0.0777622949308269,0.18974926036099019,0.755255955108268,1.0,0.0,0.0,False,0.08579063089174259,False
2028,effective,effective,8,1,benign,0.019071951689910386,0.18663602165739618,0.7543707937834396,1.0,0.0,0.0,False,0.021040978397946174,False
2028,effective,effective,8,4,benign,-0.019132126493094054,0.18836498802396953,0.7482544083169937,1.8969585837278833e-18,1.0,0.0,False,0.22064840284885434,False
2028,effective,effective,8,0,benign,0.02087376689385767,0.19033532988269453,0.7439602874186025,1.891502192030325e-40,1.0,0.0,False,0.22064840284885434,False
2028,effective,effective,8,19,heterogeneous,0.010141434429020013,0.2003886585730573,0.758412387017349,1.0,0.0,0.0,False,0.011188456546798245,False
2028,effective,effective,8,11,benign,0.05333243782709792,0.1891361128235698,0.7529639534238035,1.0,0.0,0.0,False,0.0588385861329249,False
2028,effective,effective,8,3,benign,0.014063375167977763,0.20018759591884974,0.7480097943212868,3.469632079830369e-35,0.0,1.0,True,5.383240463130932e-37,False
2028,effective,effective,8,18,heterogeneous,0.10011145652656492,0.21575825281549066,0.746050127536879,5.232818465122416e-74,0.0,1.0,True,5.779499641566283e-75,False
2028,effective,effective,8,10,benign,0.14611131320487777,0.19425046384452577,0.7534444659132206,1.0,0.0,0.0,False,0.161196139484025,False
2028,effective,raw,9,15,heterogeneous,0.06276361653238477,0.5454138443587697,0.7964243010535738,1.0,8.88079310502721e-128,0.0,False,0.06808946615882504,False
2028,effective,raw,9,1,benign,0.040580006089527346,0.5668085115530667,0.79693964582399,1.0,3.965830395878866e-52,0.0,False,0.0440234502728519,False
2028,effective,raw,9,19,heterogeneous,0.12285255003364452,0.5785629309656909,0.7990834454673462,3.9631330193225523e-13,1.8402754585212564e-66,0.9999999999996039,True,5.2819561773817056e-14,False
2028,effective,raw,9,10,benign,0.08785746209194488,0.5687710284117851,0.7914322951751637,9.441972244795527e-229,2.0002270451138301e-07,0.9999997999772955,True,4.3399153593378796e-08,False
2028,effective,raw,9,11,benign,-0.00538980218895736,0.5634597992624638,0.7965739015411794,1.0,2.6424310752022345e-53,0.0,False,5.733312744308614e-54,False
2028,effective,raw,9,16,heterogeneous,0.06053449052888225,0.5298691259835644,0.7856469695048857,0.0,1.0,0.0,False,0.21697113684866212,False
2028,effective,raw,9,8,benign,0.02675072260827897,0.5115881439607305,0.7820224246779379,0.0,1.0,0.0,False,0.21697113684866212,False
2028,effective,raw,9,3,benign,-0.01352261551574411,0.5409607723960767,0.787511402614149,0.0,1.0,0.0,False,0.21697113684866212,False
2028,effective,raw,9,6,benign,0.03911913597454761,0.5397618060435382,0.7864813145442454,0.0,1.0,0.0,False,0.21697113684866212,False
2028,effective,raw,9,9,benign,0.018437929638927052,0.5519004327411633,0.7958388832709189,1.0,8.432353107959768e-80,0.0,False,0.020002492774468226,False
2028,effective,effective,9,15,heterogeneous,0.03648267087883415,0.19006684270494525,0.7499790480747973,0.9999999999998929,0.0,1.0715965487525919e-13,False,0.07267922175600008,False
2028,effective,effective,9,1,benign,0.00624917704448157,0.19700640439046047,0.752328040670057,1.6931390048294652e-10,0.0,0.9999999998306861,True,2.107847011509655e-12,False
2028,effective,effective,9,19,heterogeneous,0.1291521625869629,0.20164518964070793,0.7538380682198319,0.0,0.0,1.0,True,0.0,False
2028,effective,effective,9,10,benign,0.02120002282125794,0.20211949886238614,0.74288150455896,0.9999879101159667,0.0,1.2089884033375851e-05,False,0.04223327115683285,False
2028,effective,effective,9,11,benign,-0.017698592765665194,0.19787645527900782,0.7469100476156265,0.0,0.0,1.0,True,0.0,False
2028,effective,effective,9,16,heterogeneous,0.01688836258890895,0.18460777821764987,0.743225997768372,0.0,1.0,6.7481655226331225e-62,False,0.3984314744794278,False
2028,effective,effective,9,8,benign,0.002085207953010205,0.18326828567328918,0.7402291357074623,0.0,1.0,1.4720037924411816e-83,False,0.3984314744794278,False
2028,effective,effective,9,3,benign,-0.06965469111145706,0.19643412576437555,0.7457483739645996,0.0,0.0,1.0,True,0.0,False
2028,effective,effective,9,6,benign,0.04428593812347471,0.19119634944516561,0.7461272529009539,1.0,0.0,8.441894099093295e-25,False,0.08822455812620365,False
2028,effective,effective,9,9,benign,-0.020063618817322316,0.19036759755812108,0.753386645523575,0.0,0.0,1.0,True,0.0,False
2028,effective,raw,10,15,heterogeneous,0.0630998564674702,0.5738848973622828,0.7939265647998935,0.0,0.0,1.0,True,0.0,False
2028,effective,raw,10,2,benign,-0.02297646414104104,0.5712430196569186,0.7940231446563454,0.0,0.0,1.0,True,0.0,False
2028,effective,raw,10,17,heterogeneous,0.023190711239570127,0.5729583425188447,0.80435590556423,0.9999999999986975,0.0,1.3026444045598468e-12,False,0.06499762293687122,False
2028,effective,raw,10,6,benign,0.04972853099123745,0.5557587880767771,0.7969120626019934,0.9825708550191353,0.0,0.01742914498086476,False,0.13694712329298522,False
2028,effective,raw,10,14,benign,-0.002500454349915289,0.5474079608332755,0.7941173819467692,0.0,0.0,1.0,True,0.0,False
2028,effective,raw,10,18,heterogeneous,0.08528081175834085,0.554640351564019,0.7982226429644006,0.9936667195670501,0.0,0.006333280432949982,False,0.2375064869347386,False
2028,effective,raw,10,7,benign,0.04395501401227291,0.5484362907791224,0.7948521302157737,8.658489514060036e-106,0.0,1.0,True,1.0666795376279433e-106,False
2028,effective,raw,10,11,benign,-0.1191670380010906,0.5624624432233715,0.7884834005914244,3.6999919759698005e-261,0.0,1.0,True,0.0,False
2028,effective,raw,10,3,benign,-0.01669258182117057,0.570042197041844,0.7955121801753092,0.0,0.0,1.0,True,0.0,False
2028,effective,raw,10,13,benign,0.038604197486560875,0.5254464724845396,0.7882582467934303,0.0,0.9999999999989093,1.0912033617294346e-12,False,0.5605487668354049,False
2028,effective,effective,10,15,heterogeneous,0.06840455104019687,0.1967644349819286,0.7489561030259455,0.0,1.0,0.0,False,0.16666644871083025,False
2028,effective,effective,10,2,benign,-0.030328956454412834,0.1943620852142826,0.7551712240210969,0.0,1.0,0.0,False,0.16666644871083025,False
2028,effective,effective,10,17,heterogeneous,0.0496765705490906,0.2067828711370144,0.754493097980329,0.0,1.1854890415315569e-06,0.9999988145109582,True,1.9758124853767055e-07,False
2028,effective,effective,10,6,benign,0.08425925156066424,0.2002102305215874,0.7467273637074001,0.0,1.0,0.0,False,0.16666644871083025,False
2028,effective,effective,10,14,benign,0.019360339365954052,0.1928137134871281,0.7469318966665931,0.0,1.0,0.0,False,0.16666644871083025,False
2028,effective,effective,10,18,heterogeneous,0.0668041954620709,0.19931097021770905,0.75518999147357,0.0,6.660927229962904e-06,0.9999933390727699,True,1.110153086539185e-06,False
2028,effective,effective,10,7,benign,0.07145322097483872,0.19676454887320932,0.7502522662905515,0.0,1.0,0.0,False,0.16666644871083025,False
2028,effective,effective,10,11,benign,-0.11642179016635444,0.19395650759857047,0.7533765278111361,0.9999999999958993,4.100917041671649e-12,0.0,False,6.834852797931378e-13,False
2028,effective,effective,10,3,benign,-0.0444539923901404,0.20625855413346045,0.7459329721913938,1.0,4.8319315913309735e-30,0.0,False,8.053208787408043e-31,False
2028,effective,effective,10,13,benign,-0.003473730460144352,0.1866689279092938,0.7476623544857179,0.0,1.0,0.0,False,0.16666644871083025,False
